Release,Opening,Total Gross,% of Total,Theaters,Average,Date,Distributor
Avengers: Endgame,357115007,858373000,41.6,4662,76601,26-04-2019,Walt Disney Studios Motion Pictures
Spider-Man: No Way Home,260138569,804793477,32.3,4336,59995,17-12-2021,Sony Pictures Releasing
Avengers: Infinity War,257698183,678815482,38,4474,57599,27-04-2018,Walt Disney Studios Motion Pictures
Star Wars: Episode VII - The Force Awakens,247966675,936662225,26.5,4134,59982,18-12-2015,Walt Disney Studios Motion Pictures
Star Wars: Episode VIII - The Last Jedi,220009584,620181382,35.5,4232,51987,15-12-2017,Walt Disney Studios Motion Pictures
Jurassic World,208806270,652270625,32,4274,48855,12-06-2015,Universal Pictures
The Avengers,207438708,623357910,33.3,4349,47698,04-05-2012,Walt Disney Studios Motion Pictures
Black Panther,202003951,700059566,28.9,4020,50249,16-02-2018,Walt Disney Studios Motion Pictures
The Lion King,191770759,543638043,35.3,4725,40586,19-07-2019,Walt Disney Studios Motion Pictures
Avengers: Age of Ultron,191271109,459005868,41.7,4276,44731,01-05-2015,Walt Disney Studios Motion Pictures
Doctor Strange in the Multiverse of Madness,187420998,411331607,45.6,4534,41336,06-05-2022,Walt Disney Studios Motion Pictures
Incredibles 2,182687905,608581744,30,4410,41425,15-06-2018,Walt Disney Studios Motion Pictures
Black Panther: Wakanda Forever,181339761,453829060,40,4396,41251,11-11-2022,Walt Disney Studios Motion Pictures
Captain America: Civil War,179139142,408084349,43.9,4226,42389,06-05-2016,Walt Disney Studios Motion Pictures
Star Wars: Episode IX - The Rise of Skywalker,177383864,515202542,34.4,4406,40259,20-12-2019,Walt Disney Studios Motion Pictures
Beauty and the Beast,174750616,504014165,34.7,4210,41508,17-03-2017,Walt Disney Studios Motion Pictures
Iron Man 3,174144585,409013994,42.6,4253,40946,03-05-2013,Walt Disney Studios Motion Pictures
Harry Potter and the Deathly Hallows: Part 2,169189427,381011219,44.4,4375,38671,15-07-2011,Warner Bros.
Batman v Superman: Dawn of Justice,166007347,330360194,50.2,4242,39134,25-03-2016,Warner Bros.
Barbie,162022044,636238421,25.5,4243,38185,21-07-2023,Warner Bros.
The Dark Knight Rises,160887295,448139099,35.9,4404,36532,20-07-2012,Warner Bros.
The Dark Knight,158411483,533345358,29.7,4366,36282,18-07-2008,Warner Bros.
The Hunger Games: Catching Fire,158074286,424668047,37.2,4163,37971,22-11-2013,Lionsgate Films
Rogue One: A Star Wars Story,155081681,532177324,29.1,4157,37306,16-12-2016,Walt Disney Studios Motion Pictures
Captain Marvel,153433423,426829839,36,4310,35599,08-03-2019,Walt Disney Studios Motion Pictures
The Hunger Games,152535747,408010692,37.4,4137,36871,23-03-2012,Lionsgate Films
Spider-Man 3,151116516,336530303,44.9,4252,35540,04-05-2007,Sony Pictures Releasing
Jurassic World: Fallen Kingdom,148024610,417719760,35.4,4475,33078,22-06-2018,Universal Pictures
Furious 7,147187040,353007020,41.7,4004,36760,03-04-2015,Universal Pictures
Guardians of the Galaxy Vol. 2,146510104,389813101,37.6,4347,33703,05-05-2017,Walt Disney Studios Motion Pictures
The Super Mario Bros. Movie,146361865,574934330,25.5,4343,33700,05-04-2023,Universal Pictures
Jurassic World Dominion,145075625,376851080,38.5,4676,31025,10-06-2022,Universal Pictures
Thor: Love and Thunder,144165107,343256830,42,4375,32952,08-07-2022,Walt Disney Studios Motion Pictures
The Twilight Saga: New Moon,142839137,296623634,48.2,4024,35496,20-11-2009,Summit Entertainment
The Twilight Saga: Breaking Dawn - Part 2,141067634,292324737,48.3,4070,34660,16-11-2012,Lionsgate Films
The Twilight Saga: Breaking Dawn - Part 1,138122261,281287133,49.1,4061,34011,18-11-2011,Summit Entertainment
Pirates of the Caribbean: Dead Man's Chest,135634554,423315812,32,4133,32817,07-07-2006,Walt Disney Studios Motion Pictures
Finding Dory,135060273,486295561,27.8,4305,31372,17-06-2016,Walt Disney Studios Motion Pictures
Avatar: The Way of Water,134100226,684075767,19.6,4202,31913,16-12-2022,20th Century Studios
The Batman,134008624,369345583,36.3,4417,30339,04-03-2022,Warner Bros.
Suicide Squad,133682248,325100054,41.1,4255,31417,05-08-2016,Warner Bros.
Deadpool,132434639,363070709,36.5,3558,37221,12-02-2016,Twentieth Century Fox
Frozen II,130263358,477373578,27.3,4440,29338,22-11-2019,Walt Disney Studios Motion Pictures
Iron Man 2,128122480,312433331,41,4380,29251,07-05-2010,Paramount Pictures
Top Gun: Maverick,126707459,718732821,17.6,4735,26759,27-05-2022,Paramount Pictures
Deadpool 2,125507153,318491426,39.4,4349,28858,18-05-2018,Twentieth Century Fox
Harry Potter and the Deathly Hallows: Part 1,125017372,295983305,42.2,4125,30307,19-11-2010,Warner Bros.
It,123403419,327481748,37.7,4103,30076,08-09-2017,Warner Bros.
Thor: Ragnarok,122744989,315058289,39,4080,30084,03-11-2017,Walt Disney Studios Motion Pictures
The Hunger Games: Mockingjay - Part 1,121897634,337135885,36.2,4151,29365,21-11-2014,Lionsgate Films
Shrek the Third,121629270,322719944,37.7,4122,29507,18-05-2007,DreamWorks
Toy Story 4,120908065,434038008,27.9,4575,26427,21-06-2019,Walt Disney Studios Motion Pictures
Spider-Man: Across the Spider-Verse,120663589,381311319,31.6,4313,27976,02-06-2023,Columbia Pictures
Guardians of the Galaxy Vol. 3,118414021,358995815,33,4450,26609,05-05-2023,Walt Disney Studios Motion Pictures
Spider-Man: Homecoming,117027503,334201140,35,4348,26915,07-07-2017,Sony Pictures Releasing
Man of Steel,116619362,291045518,40.1,4207,27720,14-06-2013,Warner Bros.
Alice in Wonderland,116101023,334191110,34.7,3728,31142,05-03-2010,Walt Disney Studios Motion Pictures
Minions,115718405,336045770,34.4,4301,26905,10-07-2015,Universal Pictures
Spider-Man,114844116,403706375,28.4,3615,31768,03-05-2002,Sony Pictures Releasing
Pirates of the Caribbean: At World's End,114732820,309420425,37.1,4362,26302,25-05-2007,Walt Disney Studios Motion Pictures
Toy Story 3,110307189,415004880,26.6,4028,27385,18-06-2010,Walt Disney Studios Motion Pictures
Transformers: Revenge of the Fallen,108966307,402111870,27.1,4234,25736,24-06-2009,DreamWorks
Star Wars: Episode III - Revenge of the Sith,108435841,380270577,28.5,3661,29619,19-05-2005,Twentieth Century Fox
Shrek 2,108037878,441426807,24.5,4163,25951,19-05-2004,DreamWorks Distribution
Minions: The Rise of Gru,107010140,370270765,28.9,4391,24370,01-07-2022,Universal Pictures
Ant-Man and the Wasp: Quantumania,106109650,214504909,49.5,4345,24421,17-02-2023,Walt Disney Studios Motion Pictures
The Secret Life of Pets,104352905,368623860,28.3,4370,23879,08-07-2016,Universal Pictures
The Jungle Book,103261464,364001123,28.4,4028,25635,15-04-2016,Walt Disney Studios Motion Pictures
Wonder Woman,103251471,412563408,25,4165,24790,02-06-2017,Warner Bros.
X-Men: The Last Stand,102750665,234362462,43.8,3690,27845,26-05-2006,Twentieth Century Fox
Harry Potter and the Goblet of Fire,102685961,290013036,35.4,3858,26616,18-11-2005,Warner Bros.
The Hunger Games: Mockingjay - Part 2,102665981,281723902,36.4,4175,24590,20-11-2015,Lionsgate Films
Indiana Jones and the Kingdom of the Crystal Skull,100137835,317101119,31.6,4260,23506,22-05-2008,Paramount Pictures
Transformers: Age of Extinction,100038390,245439076,40.8,4233,23632,27-06-2014,Paramount Pictures
The Fate of the Furious,98786705,226008385,43.7,4310,22920,14-04-2017,Universal Pictures
Iron Man,98618668,318604126,31,4105,24024,02-05-2008,Paramount Pictures
Transformers: Dark of the Moon,97852865,352390543,27.8,4088,23936,29-06-2011,DreamWorks
Fast & Furious 6,97375245,238679850,40.8,3658,26619,24-05-2013,Universal Pictures
Joker,96202337,335451311,28.7,4374,21994,04-10-2019,Warner Bros.
The Little Mermaid,95578040,298172056,32,4320,22124,26-05-2023,Walt Disney Studios Motion Pictures
Captain America: The Winter Soldier,95023721,259766572,36.6,3938,24129,04-04-2014,Walt Disney Studios Motion Pictures
Guardians of the Galaxy,94320883,333176600,28.3,4080,23117,01-08-2014,Walt Disney Studios Motion Pictures
Justice League,93842239,229024295,41,4051,23165,17-11-2017,Warner Bros.
Harry Potter and the Prisoner of Azkaban,93687367,249541069,37.5,3855,24302,04-06-2004,Warner Bros.
Taylor Swift: The Eras Tour,93224755,180756269,51.6,3855,24182,13-10-2023,-
Godzilla,93188384,200676069,46.4,3952,23580,16-05-2014,Warner Bros.
Spider-Man: Far from Home,92579212,390532085,23.7,4634,19978,02-07-2019,Sony Pictures Releasing
The Matrix Reloaded,91774413,281576461,32.6,3603,25471,15-05-2003,Warner Bros.
The Amazing Spider-Man 2,91608337,202853933,45.2,4324,21186,02-05-2014,Sony Pictures Releasing
Aladdin,91500929,355559216,25.7,4476,20442,24-05-2019,Walt Disney Studios Motion Pictures
It Chapter Two,91062152,211593228,43,4570,19926,06-09-2019,Warner Bros.
X-Men: Days of Future Past,90823660,233921534,38.8,3996,22728,23-05-2014,Twentieth Century Fox
Inside Out,90440272,356461711,25.4,3946,22919,19-06-2015,Walt Disney Studios Motion Pictures
Harry Potter and the Sorcerer's Stone,90294621,317575550,28.4,3672,24590,16-11-2001,Warner Bros.
Pirates of the Caribbean: On Stranger Tides,90151958,241071802,37.4,4155,21697,20-05-2011,Walt Disney Studios Motion Pictures
Venom: Let There Be Carnage,90033210,213550366,42.2,4225,21309,01-10-2021,Sony Pictures Releasing
Logan,88411916,226277068,39.1,4071,21717,03-03-2017,Twentieth Century Fox
Skyfall,88364714,304360277,29,3505,25211,09-11-2012,Sony Pictures Releasing
Harry Potter and the Chamber of Secrets,88357488,261988482,33.7,3682,23997,15-11-2002,Warner Bros.
Spider-Man 2,88156227,373585825,23.6,4152,21232,30-06-2004,Sony Pictures Releasing
Fast Five,86198765,209837675,41.1,3644,23654,29-04-2011,Universal Pictures
The Hangover Part II,85946294,254464305,33.8,3615,23774,26-05-2011,Warner Bros.
Thor: The Dark World,85737841,206362140,41.6,3841,22321,08-11-2013,Walt Disney Studios Motion Pictures
X2,85558731,214949694,39.8,3741,22870,02-05-2003,Twentieth Century Fox
Fifty Shades of Grey,85171450,166167230,51.3,3646,23360,13-02-2015,Universal Pictures
Doctor Strange,85058311,232641920,36.6,3882,21910,04-11-2016,Walt Disney Studios Motion Pictures
X-Men Origins: Wolverine,85058003,179883157,47.3,4099,20750,01-05-2009,Twentieth Century Fox
The Hobbit: An Unexpected Journey,84617303,303003568,27.9,4045,20918,14-12-2012,Warner Bros.
Solo: A Star Wars Story,84420489,213767512,39.5,4381,19269,25-05-2018,Walt Disney Studios Motion Pictures
The Passion of the Christ,83848082,370274604,22.6,3043,27554,25-02-2004,Newmarket Films
Despicable Me 2,83517315,368065385,22.7,3997,20895,03-07-2013,Universal Pictures
Dune: Part Two,82505391,264858587,31.2,4071,20266,01-03-2024,Warner Bros.
Oppenheimer,82455420,329862540,25,3610,22840,21-07-2023,Universal Pictures
Monsters University,82429469,268492764,30.7,4004,20586,21-06-2013,Walt Disney Studios Motion Pictures
Black Widow,80366312,183651655,43.8,4160,19318,09-07-2021,Walt Disney Studios Motion Pictures
Venom,80255756,213515506,37.6,4250,18883,05-10-2018,Sony Pictures Releasing
Star Wars: Episode II - Attack of the Clones,80027814,302191252,26.5,3161,25317,16-05-2002,Twentieth Century Fox
Godzilla x Kong: The New Empire,80006561,135037630,59.2,3861,20721,29-03-2024,Warner Bros.
Five Nights at Freddy's,80001720,137275620,58.3,3675,21769,27-10-2023,Universal Pictures International
Oz the Great and Powerful,79110453,234911825,33.7,3912,20222,08-03-2013,Walt Disney Studios Motion Pictures
Harry Potter and the Half-Blood Prince,77835727,301959197,25.8,4325,17996,15-07-2009,Warner Bros.
I Am Legend,77211321,256393010,30.1,3606,21411,14-12-2007,Warner Bros.
Harry Potter and the Order of the Phoenix,77108414,292004738,26.4,4285,17994,11-07-2007,Warner Bros.
The Da Vinci Code,77073388,217536138,35.4,3735,20635,19-05-2006,Sony Pictures Releasing
Avatar,77025481,749766139,10.3,3452,22313,18-12-2009,Twentieth Century Fox
Halloween,76221545,159342015,47.8,3928,19404,19-10-2018,Universal Pictures
Ant-Man and the Wasp,75812205,216648740,35,4206,18024,06-07-2018,Walt Disney Studios Motion Pictures
Shang-Chi and the Legend of the Ten Rings,75388688,224543292,33.6,4300,17532,03-09-2021,Walt Disney Studios Motion Pictures
Star Trek,75204289,257730019,29.2,3849,19538,08-05-2009,Paramount Pictures
Zootopia,75063401,341268248,22,3827,19614,04-03-2016,Walt Disney Studios Motion Pictures
Fantastic Beasts and Where to Find Them,74403387,234037575,31.8,4144,17954,18-11-2016,Warner Bros.
The Simpsons Movie,74036787,183135014,40.4,3922,18877,27-07-2007,Twentieth Century Fox
John Wick: Chapter 4,73817950,187131806,39.4,3855,19148,24-03-2023,Lionsgate Films
The Hobbit: The Desolation of Smaug,73645197,258366855,28.5,3903,18868,13-12-2013,Warner Bros.
Austin Powers in Goldmember,73071188,213307889,34.3,3613,20224,26-07-2002,New Line Cinema
The Lord of the Rings: The Return of the King,72629713,377027325,19.3,3703,19613,17-12-2003,New Line Cinema
Dawn of the Planet of the Apes,72611427,208545589,34.8,3967,18303,11-07-2014,Twentieth Century Fox
Despicable Me 3,72434025,264624300,27.4,4529,15993,30-06-2017,Universal Pictures
The Lost World: Jurassic Park,72132785,229086679,31.5,3281,21985,23-05-1997,Universal Pictures
Sonic the Hedgehog 2,72105176,190872904,37.8,4234,17030,08-04-2022,Paramount Pictures
Eternals,71297219,164870234,43.2,4090,17432,05-11-2021,Walt Disney Studios Motion Pictures
Us,71117625,175084580,40.6,3741,19010,22-03-2019,Universal Pictures
Fast & Furious,70950500,155064265,45.8,3461,20500,03-04-2009,Universal Pictures
300,70885301,210614939,33.7,3103,22844,09-03-2007,Warner Bros.
Shrek Forever After,70838207,238736787,29.7,4359,16251,21-05-2010,DreamWorks
Transformers,70502384,319246193,22.1,4011,17577,03-07-2007,DreamWorks
The Incredibles,70467623,261441092,27,3933,17917,05-11-2004,Walt Disney Studios Motion Pictures
Spectre,70403148,200074609,35.2,3929,17918,06-11-2015,Sony Pictures Releasing
Finding Nemo,70251710,339714978,20.7,3374,20821,30-05-2003,Walt Disney Studios Motion Pictures
The Lorax,70217070,214151550,32.8,3729,18830,02-03-2012,Universal Pictures
Star Trek Into Darkness,70165559,228778661,30.7,3868,18140,16-05-2013,Paramount Pictures
F9: The Fast Saga,70043165,173005945,40.5,4179,16760,25-06-2021,Universal Pictures
Twilight,69637740,192769854,36.1,3419,20367,21-11-2008,Summit Entertainment
Maleficent,69431298,241410378,28.8,3948,17586,30-05-2014,Walt Disney Studios Motion Pictures
The Bourne Ultimatum,69283690,227471070,30.5,3660,18929,03-08-2007,Universal Pictures
Pitch Perfect 2,69216890,184296230,37.6,3473,19930,15-05-2015,Universal Pictures
The Lego Movie,69050279,257760692,26.8,3775,18291,07-02-2014,Warner Bros.
The Day After Tomorrow,68743584,186740799,36.8,3425,20071,28-05-2004,Twentieth Century Fox
Planet of the Apes,68532960,180011740,38.1,3500,19580,27-07-2001,Twentieth Century Fox
The Mummy Returns,68139035,202019785,33.7,3401,20035,04-05-2001,Universal Pictures
Up,68108790,293004164,23.2,3766,18085,29-05-2009,Walt Disney Studios Motion Pictures
Ice Age: The Meltdown,68033544,195330621,34.8,3964,17162,31-03-2006,Twentieth Century Fox
Bruce Almighty,67953330,242829261,28,3483,19510,23-05-2003,Universal Pictures
Cinderella,67877361,201151353,33.7,3845,17653,13-03-2015,Walt Disney Studios Motion Pictures
Aquaman,67873522,335061807,20.3,4125,16454,21-12-2018,Warner Bros.
The Grinch,67572855,271478510,24.9,4141,16318,09-11-2018,Universal Pictures
Quantum of Solace,67528882,168368427,40.1,3451,19567,14-11-2008,Sony Pictures Releasing
Rush Hour 2,67408222,226164286,29.8,3118,21619,03-08-2001,New Line Cinema
Fast X,67017410,146126015,45.9,4046,16563,19-05-2023,Universal Pictures
Black Adam,67004323,168152111,39.8,4402,15221,21-10-2022,Warner Bros.
World War Z,66411834,202359711,32.8,3607,18411,21-06-2013,Paramount Pictures
Brave,66323594,237283207,28,4164,15927,22-06-2012,Walt Disney Studios Motion Pictures
Cars 2,66135507,191452396,34.5,4115,16071,24-06-2011,Walt Disney Studios Motion Pictures
X-Men: Apocalypse,65769562,155442489,42.3,4150,15848,27-05-2016,Twentieth Century Fox
Thor,65723338,181030624,36.3,3955,16617,06-05-2011,Paramount Pictures
Teenage Mutant Ninja Turtles,65575105,191204754,34.3,3845,17054,08-08-2014,Paramount Pictures
"The Chronicles of Narnia: The Lion, the Witch and the Wardrobe",65556312,291710957,22.5,3616,18129,09-12-2005,Walt Disney Studios Motion Pictures
2012,65237614,166112167,39.3,3404,19164,13-11-2009,Sony Pictures Releasing
Captain America: The First Avenger,65058524,176654505,36.8,3715,17512,22-07-2011,Paramount Pictures
War of the Worlds,64878725,234280354,27.7,3908,16601,29-06-2005,Paramount Pictures
The Twilight Saga: Eclipse,64832191,300531751,21.6,4468,14510,30-06-2010,Summit Entertainment
Star Wars: Episode I - The Phantom Menace,64820970,431088295,15,2970,21825,19-05-1999,Twentieth Century Fox
Madagascar: Escape 2 Africa,63106589,180010950,35.1,4056,15558,07-11-2008,DreamWorks
WALL·E,63087526,223808164,28.2,3992,15803,27-06-2008,Walt Disney Studios Motion Pictures
Pirates of the Caribbean: Dead Men Tell No Tales,62983253,172558876,36.5,4276,14729,26-05-2017,Walt Disney Studios Motion Pictures
Inception,62785337,292576195,21.5,3792,16557,16-07-2010,Warner Bros.
Hancock,62603879,227946274,27.5,3965,15789,02-07-2008,Sony Pictures Releasing
"Monsters, Inc.",62577067,255873250,24.5,3237,19331,02-11-2001,Walt Disney Studios Motion Pictures
Bad Boys for Life,62504105,206305244,30.3,3775,16557,17-01-2020,Sony Pictures Releasing
Sherlock Holmes,62304277,209028679,29.8,3626,17182,25-12-2009,Warner Bros.
Fantastic Beasts: The Crimes of Grindelwald,62163104,159555901,39,4163,14932,16-11-2018,Warner Bros.
Hulk,62128420,132177234,47,3660,16974,20-06-2003,Universal Pictures
The Lord of the Rings: The Two Towers,62007528,339789881,18.2,3622,17119,18-12-2002,New Line Cinema
The Amazing Spider-Man,62004688,262030663,23.7,4318,14359,03-07-2012,Sony Pictures Releasing
Mission: Impossible - Fallout,61236534,220159104,27.8,4386,13961,27-07-2018,Paramount Pictures
Clash of the Titans,61235105,163214888,37.5,3777,16212,02-04-2010,Warner Bros.
Transformers: Rise of the Beasts,61045464,157066392,38.9,3678,16597,09-06-2023,Paramount Pictures
Kong: Skull Island,61025472,168052812,36.3,3846,15867,10-03-2017,Warner Bros.
Indiana Jones and the Dial of Destiny,60368101,174480468,34.6,4600,13123,30-06-2023,Walt Disney Studios Motion Pictures
Madagascar 3: Europe's Most Wanted,60316738,216391482,27.9,4258,14165,08-06-2012,DreamWorks
Kung Fu Panda,60239130,215434591,28,4114,14642,06-06-2008,DreamWorks
Straight Outta Compton,60200180,161197785,37.4,2757,21835,14-08-2015,Universal Pictures
Cars,60119509,244082982,24.6,3985,15086,09-06-2006,Walt Disney Studios Motion Pictures
Signs,60117080,227966634,26.4,3264,18418,02-08-2002,Walt Disney Studios Motion Pictures
Fast & Furious Presents: Hobbs & Shaw,60038950,173956935,34.5,4253,14116,02-08-2019,Universal Pictures
Monsters vs. Aliens,59321095,198351526,29.9,4104,14454,27-03-2009,DreamWorks
Star Trek Beyond,59253211,158848340,37.3,3928,15084,22-07-2016,Paramount Pictures
Jumanji: The Next Level,59251543,320314960,18.5,4227,14017,13-12-2019,Sony Pictures Releasing
Jason Bourne,59215365,162434410,36.4,4026,14708,29-07-2016,Universal Pictures
Pearl Harbor,59078912,198542554,29.8,3214,18381,25-05-2001,Walt Disney Studios Motion Pictures
Creed III,58370007,156248615,37.4,4007,14567,03-03-2023,United Artists Releasing
Fantastic Four: Rise of the Silver Surfer,58051684,131921738,44,3959,14663,15-06-2007,Twentieth Century Fox
Sonic the Hedgehog,58018348,148974665,39,4167,13923,14-02-2020,Paramount Pictures
Hannibal,58003121,165092268,35.1,3230,17957,09-02-2001,Metro-Goldwyn-Mayer
Kung Fu Panda 4,57989905,158207090,36.6,4035,14371,08-03-2024,Universal Pictures
Mission: Impossible II,57845297,215409889,26.8,3653,15835,24-05-2000,Paramount Pictures
Ant-Man,57225526,180202163,31.8,3856,14840,17-07-2015,Walt Disney Studios Motion Pictures
22 Jump Street,57071445,191719337,29.8,3306,17262,13-06-2014,Sony Pictures Releasing
Sex and the City,57038404,152647258,37.4,3285,17363,30-05-2008,Warner Bros.
John Wick: Chapter 3 - Parabellum,56818067,171015687,33.2,3850,14757,17-05-2019,Lionsgate Films
Moana,56631401,248757044,22.8,3875,14614,23-11-2016,Walt Disney Studios Motion Pictures
Despicable Me,56397125,251639815,22.4,3476,16224,09-07-2010,Universal Pictures
War for the Planet of the Apes,56262929,146880162,38.3,4022,13988,14-07-2017,Twentieth Century Fox
Valentine's Day,56260707,110485654,50.9,3665,15350,12-02-2010,Warner Bros.
Ralph Breaks the Internet,56237634,201091711,28,4017,13999,21-11-2018,Walt Disney Studios Motion Pictures
Snow White and the Huntsman,56217700,155332381,36.2,3773,14900,01-06-2012,Universal Pictures
Big Hero 6,56215889,222527828,25.3,3761,14947,07-11-2014,Walt Disney Studios Motion Pictures
Charlie and the Chocolate Factory,56178450,206459076,27.2,3770,14901,15-07-2005,Warner Bros.
Fantastic Four,56061504,154696080,36.2,3602,15563,08-07-2005,Twentieth Century Fox
Gravity,55785112,274092705,20.4,3575,15604,04-10-2013,Warner Bros.
The Karate Kid,55665805,176591618,31.5,3663,15196,11-06-2010,Sony Pictures Releasing
Mission: Impossible - Rogue Nation,55520089,195042377,28.5,3956,14034,31-07-2015,Paramount Pictures
The Incredible Hulk,55414050,134806913,41.1,3505,15810,13-06-2008,Universal Pictures
The SpongeBob Movie: Sponge Out of Water,55365012,162994032,34,3641,15205,06-02-2015,Paramount Pictures
No Time to Die,55225007,160891007,34.3,4407,12531,08-10-2021,Metro-Goldwyn-Mayer
Watchmen,55214334,107509799,51.4,3611,15290,06-03-2009,Warner Bros.
X-Men: First Class,55101604,146408305,37.6,3641,15133,03-06-2011,Twentieth Century Fox
How the Grinch Stole Christmas,55082330,260745620,21.1,3127,17615,17-11-2000,Universal Pictures
The Flash,55043679,108133313,50.9,4234,13000,16-06-2023,Warner Bros.
The Chronicles of Narnia: Prince Caspian,55034805,141621490,38.9,3929,14007,16-05-2008,Walt Disney Studios Motion Pictures
How to Train Your Dragon: The Hidden World,55022245,160799505,34.2,4259,12919,22-02-2019,Universal Pictures
Austin Powers: The Spy Who Shagged Me,54917604,206040086,26.6,3312,16581,09-06-1999,New Line Cinema
Rise of the Planet of the Apes,54806191,176760185,31,3648,15023,05-08-2011,Twentieth Century Fox
The Hobbit: The Battle of the Five Armies,54724334,255119788,21.4,3875,14122,17-12-2014,Warner Bros.
G.I. Joe: The Rise of Cobra,54713046,150201498,36.4,4007,13654,07-08-2009,Paramount Pictures
Mission: Impossible - Dead Reckoning Part One,54688347,172135383,31.8,4327,12638,12-07-2023,Paramount Pictures
Divergent,54607747,150947895,36.2,3936,13873,21-03-2014,Lionsgate Films
Men in Black³,54592779,179020854,30.5,4248,12851,25-05-2012,Sony Pictures Releasing
San Andreas,54588173,155190832,35.2,3777,14452,29-05-2015,Warner Bros.
X-Men,54471475,157299718,34.6,3025,18007,14-07-2000,Twentieth Century Fox
Ted,54415205,218815487,24.9,3239,16800,29-06-2012,Universal Pictures
Pokémon: Detective Pikachu,54365242,144105346,37.7,4202,12937,10-05-2019,Warner Bros.
The Martian,54308575,228433663,23.8,3831,14176,02-10-2015,Twentieth Century Fox
Night at the Museum: Battle of the Smithsonian,54173286,177243721,30.6,4096,13225,22-05-2009,Twentieth Century Fox
Scooby-Doo,54155312,153294164,35.3,3447,15710,14-06-2002,Warner Bros.
The Nun,53807379,117450119,45.8,3876,13882,07-09-2018,Warner Bros.
Cars 3,53688680,152901115,35.1,4256,12614,16-06-2017,Walt Disney Studios Motion Pictures
Shazam!,53505326,140371656,38.1,4217,12688,05-04-2019,Warner Bros.
Green Lantern,53174303,116601172,45.6,3816,13934,17-06-2011,Warner Bros.
The Wolverine,53113752,132556852,40.1,3924,13535,26-07-2013,Twentieth Century Fox
The Lego Batman Movie,53003468,175750384,30.2,4088,12965,10-02-2017,Warner Bros.
Batman Forever,52784433,184031112,28.7,2842,18572,16-06-1995,Warner Bros.
Paranormal Activity 3,52568183,104028807,50.5,3321,15829,21-10-2011,Paramount Pictures
Superman Returns,52535096,200081192,26.3,4065,12923,28-06-2006,Warner Bros.
The Bourne Supremacy,52521865,176241941,29.8,3165,16594,23-07-2004,Universal Pictures
The Divergent Series: Insurgent,52263680,130179072,40.2,3875,13487,20-03-2015,Lionsgate Films
"I, Robot",52179887,144801023,36,3420,15257,16-07-2004,Twentieth Century Fox
Men in Black II,52148751,190418803,27.4,3557,14660,03-07-2002,Sony Pictures Releasing
Home,52107731,177397510,29.4,3708,14052,27-03-2015,Twentieth Century Fox
Van Helsing,51748040,120177084,43.1,3575,14474,07-05-2004,Universal Pictures
8 Mile,51240555,116750901,43.9,2470,20745,08-11-2002,Universal Pictures
Men in Black,51068455,250690539,20.4,3020,16910,02-07-1997,Sony Pictures Releasing
Bohemian Rhapsody,51061119,216428042,23.6,4000,12765,02-11-2018,Twentieth Century Fox
Prometheus,51050101,126477084,40.4,3396,15032,08-06-2012,Twentieth Century Fox
Wanted,50927085,134508551,37.9,3175,16040,27-06-2008,Universal Pictures
Coco,50802605,210460015,24.1,3987,12742,22-11-2017,Walt Disney Studios Motion Pictures
Jurassic Park III,50771645,181171875,28,3434,14784,18-07-2001,Universal Pictures
The Village,50746142,114197520,44.4,3730,13604,30-07-2004,Walt Disney Studios Motion Pictures
Lightyear,50577961,118307188,42.8,4255,11886,17-06-2022,Walt Disney Studios Motion Pictures
Dunkirk,50513488,188045546,26.9,3720,13578,21-07-2017,Warner Bros.
2 Fast 2 Furious,50472480,127154901,39.7,3408,14810,06-06-2003,Universal Pictures
Jackass 3D,50353641,117229692,43,3081,16343,15-10-2010,Paramount Pictures
Mr. & Mrs. Smith,50342878,186336279,27,3424,14702,10-06-2005,Twentieth Century Fox
Rush Hour 3,50237000,140125968,35.8,3778,13297,10-08-2007,New Line Cinema
Independence Day,50228264,306169268,16.4,2882,17428,03-07-1996,Twentieth Century Fox
A Quiet Place,50203562,188024361,26.7,3508,14311,06-04-2018,Paramount Pictures
The Boss Baby,50198902,175003033,28.7,3773,13304,31-03-2017,Twentieth Century Fox
King Kong,50130145,218080025,23,3568,14049,14-12-2005,Universal Pictures
The Great Gatsby,50085185,144840419,34.6,3535,14168,10-05-2013,Warner Bros.
Scary Movie 3,49700000,110003217,45.2,3505,14179,24-10-2003,Dimension Films
Taken 2,49514769,139854287,35.4,3661,13524,05-10-2012,Twentieth Century Fox
How to Train Your Dragon 2,49451322,177002924,27.9,4253,11627,13-06-2014,Twentieth Century Fox
Halloween Kills,49404980,92002155,53.7,3705,13334,15-10-2021,Universal Pictures
Wreck-It Ralph,49038712,189422889,25.9,3752,13070,02-11-2012,Walt Disney Studios Motion Pictures
Neighbors,49033915,150157400,32.7,3279,14953,09-05-2014,Universal Pictures
Alvin and the Chipmunks: The Squeakquel,48875415,219614612,22.3,3700,13209,23-12-2009,Twentieth Century Fox
Tangled,48767052,200821936,24.3,3603,13535,24-11-2010,Walt Disney Studios Motion Pictures
Batman Begins,48745440,205343774,23.7,3858,12634,15-06-2005,Warner Bros.
The Matrix Revolutions,48475154,139313948,34.8,3502,13842,05-11-2003,Warner Bros.
Hotel Transylvania 2,48464322,169700110,28.6,3754,12910,25-09-2015,Sony Pictures Releasing
The Fault in Our Stars,48002523,124872350,38.4,3173,15128,06-06-2014,Twentieth Century Fox
Godzilla: King of the Monsters,47776293,110500138,43.2,4108,11630,31-05-2019,Warner Bros.
Mission: Impossible III,47743273,134029801,35.6,4054,11776,05-05-2006,Paramount Pictures
Lara Croft: Tomb Raider,47735743,131168070,36.4,3308,14430,15-06-2001,Paramount Pictures
Kung Fu Panda 2,47656302,165249063,28.8,3925,12141,26-05-2011,DreamWorks
The Longest Yard,47606480,158119460,30.1,3634,13100,27-05-2005,Paramount Pictures
Shark Tale,47604606,160861908,29.6,4016,11853,01-10-2004,DreamWorks Distribution
A Quiet Place Part II,47547231,160072261,29.7,3726,12760,28-05-2021,Paramount Pictures
Interstellar,47510360,188020017,25.3,3561,13341,05-11-2014,Paramount Pictures
Madagascar,47224594,193595521,24.4,4131,11431,27-05-2005,DreamWorks Distribution
The Lord of the Rings: The Fellowship of the Ring,47211490,313364114,15.1,3359,14055,19-12-2001,New Line Cinema
Die Another Day,47072040,160942139,29.2,3314,14203,22-11-2002,Metro-Goldwyn-Mayer
Talladega Nights: The Ballad of Ricky Bobby,47042215,148213377,31.7,3803,12369,04-08-2006,Sony Pictures Releasing
Ratatouille,47027395,206445654,22.8,3940,11935,29-06-2007,Walt Disney Studios Motion Pictures
Jurassic Park,47026828,357067947,13.2,2404,19561,11-06-1993,Universal Pictures
Troy,46865412,133378256,35.1,3411,13739,14-05-2004,Warner Bros.
The Secret Life of Pets 2,46652680,158980250,29.3,4561,10228,07-06-2019,Universal Pictures
Pirates of the Caribbean: The Curse of the Black Pearl,46630690,305413918,15.3,3269,14264,09-07-2003,Walt Disney Studios Motion Pictures
Ice Age: Continental Drift,46629259,161321843,28.9,3881,12014,13-07-2012,Twentieth Century Fox
Fifty Shades Darker,46607250,114581250,40.7,3710,12562,10-02-2017,Universal Pictures
Trolls,46581142,153856089,30.3,4060,11473,04-11-2016,Twentieth Century Fox
Bad Boys II,46522560,138608444,33.6,3186,14602,18-07-2003,Sony Pictures Releasing
Ice Age,46312454,176387405,26.3,3316,13966,15-03-2002,Twentieth Century Fox
Angels & Demons,46204168,133375846,34.6,3527,13100,15-05-2009,Sony Pictures Releasing
Meet the Fockers,46120980,279261160,16.5,3518,13110,22-12-2004,Universal Pictures
The Marvels,46110859,84500223,54.6,4030,11441,10-11-2023,Walt Disney Studios Motion Pictures
Ghostbusters,46018755,128350574,35.8,3963,11612,15-07-2016,Sony Pictures Releasing
Megamind,46016833,148415853,31,3944,11667,05-11-2010,DreamWorks
Dumbo,45990748,114766307,40.1,4259,10798,29-03-2019,Walt Disney Studios Motion Pictures
Batman Returns,45687711,162831698,28.1,2644,17279,19-06-1992,Warner Bros.
Mission: Impossible,45436830,180981856,25.1,3012,15085,22-05-1996,Paramount Pictures
Mad Max: Fury Road,45428128,153636354,29.6,3702,12271,15-05-2015,Warner Bros.
The Meg,45402195,145443742,31.2,4118,11025,10-08-2018,Warner Bros.
Ghost Rider,45388836,115802596,39.2,3619,12541,16-02-2007,Sony Pictures Releasing
American Pie 2,45117985,145103595,31.1,3063,14729,10-08-2001,Universal Pictures
300: Rise of an Empire,45038460,106580051,42.3,3470,12979,07-03-2014,Warner Bros.
Horton Hears a Who!,45012998,154529439,29.1,3954,11384,14-03-2008,Twentieth Century Fox
Ghostbusters: Frozen Empire,45004673,88863665,50.6,4345,10357,22-03-2024,Sony Pictures Releasing
The Hangover,44979319,277322503,16.2,3269,13759,05-06-2009,Warner Bros.
National Treasure: Book of Secrets,44783772,219964115,20.4,3832,11686,21-12-2007,Walt Disney Studios Motion Pictures
Transformers: The Last Knight,44680073,130168683,34.3,4069,10980,21-06-2017,Paramount Pictures
The Hunger Games: The Ballad of Songbirds & Snakes,44607143,166350594,26.8,3776,11813,17-11-2023,Lionsgate Films
xXx,44506103,142109382,31.3,3374,13190,09-08-2002,Revolution Studios
Scream VI,44447270,108161389,41.1,3675,12094,10-03-2023,Paramount Pictures
Nope,44366910,123277080,36,3785,11721,22-07-2022,Universal Pictures
Alvin and the Chipmunks,44307417,217326974,20.4,3475,12750,14-12-2007,Twentieth Century Fox
The Peanuts Movie,44213073,130178411,34,3897,11345,06-11-2015,Twentieth Century Fox
Hotel Transylvania 3: Summer Vacation,44076225,167510016,26.3,4267,10329,13-07-2018,Sony Pictures Releasing
Godzilla,44047541,136314294,32.3,3310,13307,20-05-1998,Sony Pictures Releasing
Terminator 3: Rise of the Machines,44041440,150371112,29.3,3504,12568,02-07-2003,Warner Bros.
Tron: Legacy,44026211,172062763,25.6,3451,12757,17-12-2010,Walt Disney Studios Motion Pictures
Uncharted,44010155,148648820,29.6,4275,10294,18-02-2022,Sony Pictures Releasing
Ghostbusters: Afterlife,44008406,129360575,34,4315,10198,19-11-2021,Sony Pictures Releasing
Lucy,43899340,126663600,34.7,3173,13835,25-07-2014,Universal Pictures
How to Train Your Dragon,43732319,217581231,20.1,4055,10784,26-03-2010,DreamWorks
Noah,43720472,101200044,43.2,3567,12256,28-03-2014,Paramount Pictures
The Croods,43639736,187168425,23.3,4046,10785,22-03-2013,Twentieth Century Fox
American Gangster,43565135,130164645,33.5,3054,14264,02-11-2007,Universal Pictures
The Mummy,43369635,155516138,27.9,3210,13510,07-05-1999,Universal Pictures
Hitch,43142214,179495555,24,3575,12067,11-02-2005,Sony Pictures Releasing
A Star Is Born,42908051,215288866,19.9,3686,11640,05-10-2018,Warner Bros.
Batman & Robin,42872605,107325195,40,2934,14612,20-06-1997,Warner Bros.
Terminator Salvation,42558390,125322469,34,3530,12056,21-05-2009,Warner Bros.
Hotel Transylvania,42522194,148313048,28.7,3349,12696,28-09-2012,Sony Pictures Releasing
Nutty Professor II: The Klumps,42518830,123309890,34.5,3242,13115,28-07-2000,Universal Pictures
Shrek,42347760,267851831,15.8,3587,11805,16-05-2001,DreamWorks Distribution
Scary Movie,42346669,157019771,27,2912,14542,07-07-2000,Miramax
Anger Management,42220847,135645823,31.1,3551,11889,11-04-2003,Revolution Studios
Fantastic Beasts: The Secrets of Dumbledore,42151256,95850844,44,4208,10016,15-04-2022,Warner Bros.
High School Musical 3: Senior Year,42030184,90559416,46.4,3623,11600,24-10-2008,Walt Disney Studios Motion Pictures
The Conjuring,41855326,137400141,30.5,2903,14417,19-07-2013,Warner Bros.
Ready Player One,41764050,137690172,30.3,4234,9863,29-03-2018,Warner Bros.
Ice Age: Dawn of the Dinosaurs,41690382,196573705,21.2,4099,10170,01-07-2009,Twentieth Century Fox
The Hangover Part III,41671198,112200072,37.1,3555,11721,23-05-2013,Warner Bros.
Ocean's Eight,41607378,140218711,29.7,4145,10037,08-06-2018,Warner Bros.
Big Daddy,41536370,163479795,25.4,3027,13721,25-06-1999,Sony Pictures Releasing
Happy Feet,41533432,198000317,21,3804,10918,17-11-2006,Warner Bros.
Ride Along,41516170,134938200,30.8,2663,15590,17-01-2014,Universal Pictures
Grown Ups 2,41508572,133668525,31,3491,11890,12-07-2013,Sony Pictures Releasing
The Perfect Storm,41325042,182618434,22.6,3407,12129,30-06-2000,Warner Bros.
Kung Fu Panda 3,41282042,143528619,28.8,3955,10437,29-01-2016,Twentieth Century Fox
The Vow,41202458,125014030,33,2958,13929,10-02-2012,Screen Gems
Deep Impact,41152375,140464664,29.3,3156,13039,08-05-1998,Paramount Pictures
Once Upon a Time... in Hollywood,41082018,142502728,28.8,3659,11227,26-07-2019,Sony Pictures Releasing
Shutter Island,41062440,128012934,32.1,2991,13728,19-02-2010,Paramount Pictures
Twister,41059405,241721524,17,2414,17008,10-05-1996,Warner Bros.
Independence Day: Resurgence,41039944,103144286,39.8,4130,9937,24-06-2016,Twentieth Century Fox
Madea Goes to Jail,41030947,90508336,45.3,2032,20192,20-02-2009,Lionsgate Films
Dune: Part One,41011174,108327830,37.9,4125,9942,22-10-2021,Warner Bros.
Casino Royale,40833156,167445960,24.4,3434,11890,17-11-2006,Sony Pictures Releasing
Paranormal Activity 2,40678424,84752907,48,3216,12648,22-10-2010,Paramount Pictures
Friday the 13th,40570365,65002019,62.4,3105,13066,13-02-2009,Warner Bros.
Grown Ups,40506562,162001186,25,3534,11461,25-06-2010,Sony Pictures Releasing
G.I. Joe: Retaliation,40501814,122523060,33.1,3719,10890,28-03-2013,Paramount Pictures
Batman,40489746,251188924,16.1,2194,18454,23-06-1989,Warner Bros.
The Mummy: Tomb of the Dragon Emperor,40457770,102491776,39.5,3760,10760,01-08-2008,Universal Pictures
The Conjuring 2,40406314,102470008,39.4,3343,12086,10-06-2016,Warner Bros.
Glass,40328920,111048468,36.3,3841,10499,18-01-2019,Universal Pictures
The Last Airbender,40325019,131772187,30.6,3169,12724,01-07-2010,Paramount Pictures
Daredevil,40310419,102543518,39.3,3471,11613,14-02-2003,Twentieth Century Fox
Power Rangers,40300288,85364450,47.2,3693,10912,24-03-2017,Lionsgate Films
Insidious: Chapter 2,40272103,83586447,48.2,3049,13208,13-09-2013,FilmDistrict
Scary Movie 4,40222875,90710620,44.3,3602,11166,14-04-2006,-
Safe House,40172720,126373434,31.8,3119,12880,10-02-2012,Universal Pictures
Charlie's Angels,40128550,125305545,32,3037,13213,03-11-2000,Sony Pictures Releasing
The Fast and the Furious,40089015,144533925,27.7,2628,15254,22-06-2001,Universal Pictures
Cloverfield,40058229,80048433,50,3411,11743,18-01-2008,Paramount Pictures
Halloween Ends,40050355,64079860,62.5,3901,10266,14-10-2022,Universal Pictures
Chicken Little,40049778,135386665,29.6,3654,10960,04-11-2005,Walt Disney Studios Motion Pictures
Click,40011365,137355633,29.1,3749,10672,23-06-2006,Revolution Studios
Split,40010975,138291365,28.9,3038,13170,20-01-2017,Universal Pictures
50 First Dates,39852237,120908074,33,3591,11097,13-02-2004,Sony Pictures Releasing
Wild Hogs,39699023,168273550,23.6,3287,12077,02-03-2007,Walt Disney Studios Motion Pictures
Sherlock Holmes: A Game of Shadows,39637079,186848418,21.2,3703,10704,16-12-2011,Warner Bros.
The Waterboy,39414071,161491646,24.4,2664,14795,06-11-1998,Walt Disney Studios Motion Pictures
Rio 2,39327869,131538435,29.9,3948,9961,11-04-2014,Twentieth Century Fox
Rio,39225962,143619809,27.3,3826,10252,15-04-2011,Twentieth Century Fox
Taken 3,39201657,89256424,43.9,3594,10907,09-01-2015,Twentieth Century Fox
The Break-Up,39172785,118703275,33,3070,12759,02-06-2006,Universal Pictures
The Good Dinosaur,39155217,123087120,31.8,3749,10444,25-11-2015,Walt Disney Studios Motion Pictures
Ocean's Twelve,39153380,125544280,31.2,3290,11900,10-12-2004,Warner Bros.
The Grudge,39128715,110359362,35.5,3245,12058,22-10-2004,Sony Pictures Releasing
Magic Mike,39127170,113721571,34.4,2930,13353,29-06-2012,Warner Bros.
Onward,39119861,61555145,63.6,4310,9076,06-03-2020,Walt Disney Studios Motion Pictures
The Heat,39115043,159582188,24.5,3181,12296,28-06-2013,Twentieth Century Fox
Kingsman: The Golden Circle,39023010,100229647,38.9,4003,9748,22-09-2017,Twentieth Century Fox
Morbius,39005895,73865530,52.8,4268,9139,01-04-2022,Columbia Pictures
Wonka,39005800,218402312,17.9,4203,9280,15-12-2023,Warner Bros.
Dinosaur,38854851,137748063,28.2,3257,11929,19-05-2000,Walt Disney Studios Motion Pictures
Daddy's Home,38740203,150357137,25.8,3271,11843,25-12-2015,Paramount Pictures
Get Smart,38683480,130319208,29.7,3911,9890,20-06-2008,Warner Bros.
Fifty Shades Freed,38560195,100407760,38.4,3768,10233,09-02-2018,Universal Pictures
You Don't Mess with the Zohan,38531374,100018837,38.5,3462,11129,06-06-2008,Sony Pictures Releasing
The Legend of Tarzan,38527856,126643061,30.4,3561,10819,01-07-2016,Warner Bros.
Over the Hedge,38457003,155019340,24.8,4059,9474,19-05-2006,DreamWorks
The Cat in the Hat,38329160,101149285,37.9,3464,11065,21-11-2003,Universal Pictures
Alien vs. Predator,38291056,80282231,47.7,3395,11278,13-08-2004,Twentieth Century Fox
The Angry Birds Movie,38155177,107509366,35.5,3932,9703,20-05-2016,Sony Pictures Releasing
The Bourne Legacy,38142825,113203870,33.7,3745,10185,10-08-2012,Universal Pictures
Ocean's Eleven,38107822,183417150,20.8,3075,12392,07-12-2001,Warner Bros.
Rango,38079323,123477607,30.8,3917,9721,04-03-2011,Paramount Pictures
Inglourious Basterds,38054676,120540719,31.6,3165,12023,21-08-2009,The Weinstein Company
Bee Movie,38021044,126631277,30,3928,9679,02-11-2007,DreamWorks
Ace Ventura: When Nature Calls,37804076,108385533,34.9,2652,14254,10-11-1995,Warner Bros.
Charlie's Angels: Full Throttle,37634221,100830111,37.3,3459,10880,27-06-2003,Sony Pictures Releasing
Hop,37543710,108085305,34.7,3579,10490,01-04-2011,Universal Pictures
Gone Girl,37513109,167767189,22.4,3014,12446,03-10-2014,Twentieth Century Fox
District 9,37354308,115646235,32.3,3049,12251,14-08-2009,TriStar Pictures
Pacific Rim,37285325,101802906,36.6,3275,11384,12-07-2013,Warner Bros.
Dungeons & Dragons: Honor Among Thieves,37205784,93277026,39.9,3855,9651,31-03-2023,Paramount Pictures
Mr. Deeds,37162787,126293452,29.4,3231,11501,28-06-2002,Sony Pictures Releasing
Annabelle,37134255,84273813,44.1,3185,11659,03-10-2014,Warner Bros.
Air Force One,37132505,172956409,21.5,2919,12720,25-07-1997,Sony Pictures Releasing
S.W.A.T.,37062535,116934650,31.7,3202,11574,08-08-2003,Sony Pictures Releasing
Oblivion,37054485,89107235,41.6,3783,9795,19-04-2013,Universal Pictures
Maleficent: Mistress of Evil,36948713,113929605,32.4,3790,9749,18-10-2019,Walt Disney Studios Motion Pictures
Red Dragon,36540945,93149898,39.2,3357,10885,04-10-2002,Universal Pictures
Cowboys & Aliens,36431290,100240551,36.3,3750,9715,29-07-2011,Universal Pictures
Freddy vs. Jason,36400000,82622655,44.1,3014,12076,15-08-2003,New Line Cinema
Interview with the Vampire: The Vampire Chronicles,36389705,105264608,34.6,2604,13974,11-11-1994,Warner Bros.
Marley & Me,36357586,143153751,25.4,3480,10447,25-12-2008,Twentieth Century Fox
21 Jump Street,36302612,138447667,26.2,3121,11631,16-03-2012,Sony Pictures Releasing
Kingsman: The Secret Service,36206331,128261724,28.2,3204,11300,13-02-2015,Twentieth Century Fox
Jumanji: Welcome to the Jungle,36169328,404515480,8.9,3765,9606,20-12-2017,Sony Pictures Releasing
Alien: Covenant,36160621,74262031,48.7,3761,9614,19-05-2017,Twentieth Century Fox
Ocean's Thirteen,36133403,117154724,30.8,3565,10135,08-06-2007,Warner Bros.
Dumb and Dumber To,36111775,86208010,41.9,3154,11449,14-11-2014,Universal Pictures
Armageddon,36089972,201578182,17.9,3127,11541,01-07-1998,Walt Disney Studios Motion Pictures
The Scorpion King,36075875,91047077,39.6,3444,10474,19-04-2002,Universal Pictures
Robin Hood,36063385,105269730,34.3,3503,10295,14-05-2010,Universal Pictures
Robots,36045301,128200012,28.1,3776,9545,11-03-2005,Twentieth Century Fox
The Equalizer 2,36011640,102084362,35.3,3388,10629,20-07-2018,Sony Pictures Releasing
Salt,36011243,118311368,30.4,3612,9969,23-07-2010,Sony Pictures Releasing
Star Wars: Episode IV - A New Hope1997 Special Edition,35906661,138257865,26,2104,17065,31-01-1997,Twentieth Century Fox
"10,000 BC",35867488,94784201,37.8,3410,10518,07-03-2008,Warner Bros.
Rampage,35753093,101028233,35.4,4101,8718,13-04-2018,Warner Bros.
Minority Report,35677125,132072926,27,3001,11888,21-06-2002,Twentieth Century Fox
Sweet Home Alabama,35648740,127223418,28,3293,10825,27-09-2002,Walt Disney Studios Motion Pictures
The Smurfs,35611637,142614158,25,3395,10489,29-07-2011,Sony Pictures Releasing
Creed II,35574710,115715889,30.7,3441,10338,21-11-2018,Metro-Goldwyn-Mayer
Battle Los Angeles,35573187,83552429,42.6,3417,10410,11-03-2011,Sony Pictures Releasing
The Other Guys,35543162,119219978,29.8,3651,9735,06-08-2010,Sony Pictures Releasing
Central Intelligence,35535250,127440871,27.9,3508,10129,17-06-2016,Warner Bros.
The World Is Not Enough,35519007,126943684,28,3163,11229,19-11-1999,Metro-Goldwyn-Mayer
Super 8,35451168,127004179,27.9,3379,10491,10-06-2011,Paramount Pictures
Spider-Man: Into the Spider-Verse,35363376,190241310,18.6,3813,9274,14-12-2018,Sony Pictures Releasing
Teenage Mutant Ninja Turtles: Out of the Shadows,35316382,82051601,43,4071,8675,03-06-2016,Paramount Pictures
Lilo & Stitch,35260212,145794338,24.2,3191,11049,21-06-2002,Walt Disney Studios Motion Pictures
Sing,35258145,270395425,13,4022,8766,21-12-2016,Universal Pictures
Ride Along 2,35243095,91221830,38.6,3175,11100,15-01-2016,Universal Pictures
National Treasure,35142554,173008894,20.3,3017,11648,19-11-2004,Walt Disney Studios Motion Pictures
The Ring Two,35065237,76231249,46,3332,10523,18-03-2005,DreamWorks Distribution
Runaway Bride,35055556,152257509,23,3158,11100,30-07-1999,Paramount Pictures
Sully,35028301,125070033,28,3525,9937,09-09-2016,Warner Bros.
Jungle Cruise,35018731,116987516,29.9,4310,8124,30-07-2021,Walt Disney Studios Motion Pictures
Annabelle: Creation,35006404,102092201,34.3,3502,9996,11-08-2017,Warner Bros.
Mamma Mia! Here We Go Again,34952180,120634935,29,3317,10537,20-07-2018,Universal Pictures
The Expendables,34825135,103068524,33.8,3270,10649,13-08-2010,Lionsgate Films
Gladiator,34819017,187705427,18.6,2938,11851,05-05-2000,DreamWorks Distribution
Scream 3,34713342,89143175,38.9,3467,10012,04-02-2000,Dimension Films
The Magnificent Seven,34703397,93432655,37.1,3674,9445,23-09-2016,Sony Pictures Releasing
The Equalizer 3,34604229,92373751,37.5,3965,8727,01-09-2023,Columbia Pictures
Identity Thief,34551025,134506920,25.7,3141,11000,08-02-2013,Universal Pictures
Hellboy II: The Golden Army,34539115,75986503,45.4,3204,10779,11-07-2008,Universal Pictures
Enchanted,34440317,127807262,27,3730,9233,21-11-2007,Walt Disney Studios Motion Pictures
Couples Retreat,34286740,109204945,31.4,3000,11428,09-10-2009,Universal Pictures
Sausage Party,34263534,97685686,35.1,3103,11042,12-08-2016,Sony Pictures Releasing
I Now Pronounce You Chuck & Larry,34233750,120059556,28.5,3495,9795,20-07-2007,Universal Pictures
Tarzan,34221968,171091819,20,3005,11388,16-06-1999,Walt Disney Studios Motion Pictures
Ransom,34216088,136492681,25.1,2676,12786,08-11-1996,Walt Disney Studios Motion Pictures
Norbit,34195434,95673607,35.7,3136,10904,09-02-2007,DreamWorks
The Equalizer,34137828,101530738,33.6,3236,10549,26-09-2014,Sony Pictures Releasing
The Blind Side,34119372,255959475,13.3,3110,10970,20-11-2009,Warner Bros.
The Lego Movie 2: The Second Part,34115335,105806508,32.2,4303,7928,08-02-2019,Warner Bros.
Puss in Boots,34077439,149260504,22.8,3952,8622,28-10-2011,DreamWorks
The Purge,34058360,64473115,52.8,2536,13429,07-06-2013,Universal Pictures
Lethal Weapon 4,34048124,130444603,26.1,3117,10923,10-07-1998,Warner Bros.
Cloudy with a Chance of Meatballs 2,34017930,119793567,28.4,4001,8502,27-09-2013,Sony Pictures Releasing
Get Hard,33803253,90411453,37.4,3175,10646,27-03-2015,Warner Bros.
The Devil Inside,33732515,53261944,63.3,2285,14762,06-01-2012,Paramount Pictures
Think Like a Man,33636303,91547205,36.7,2015,16692,20-04-2012,Screen Gems
The Proposal,33627598,163958031,20.5,3056,11003,19-06-2009,Walt Disney Studios Motion Pictures
What Women Want,33614543,182811707,18.4,3012,11160,15-12-2000,Paramount Pictures
Saw III,33610391,80238724,41.9,3167,10612,27-10-2006,Lionsgate Films
Epic,33531068,107518682,31.2,3882,8637,24-05-2013,Twentieth Century Fox
The Green Hornet,33526876,98780042,33.9,3584,9354,14-01-2011,Sony Pictures Releasing
Ted 2,33507870,81476385,41.1,3442,9735,26-06-2015,Universal Pictures
101 Dalmatians,33504025,136189294,24.6,2794,11991,27-11-1996,Walt Disney Studios Motion Pictures
Wrath of the Titans,33457188,83670083,40,3545,9437,30-03-2012,Warner Bros.
The Haunting,33435140,91411151,36.6,2808,11907,23-07-1999,DreamWorks Distribution
Get Out,33377060,176040665,19,2781,12001,24-02-2017,Universal Pictures
Live Free or Die Hard,33369559,134529403,24.8,3408,9791,27-06-2007,Twentieth Century Fox
American Wedding,33369440,104565114,31.9,3172,10520,01-08-2003,Universal Pictures
Lethal Weapon 3,33243086,144731527,23,2510,13244,15-05-1992,Warner Bros.
Hustlers,33181361,104963598,31.6,3250,10209,13-09-2019,STX Entertainment
A Wrinkle in Time,33123609,100478608,33,3980,8322,09-03-2018,Walt Disney Studios Motion Pictures
Superbad,33052411,121463226,27.2,2948,11211,17-08-2007,Sony Pictures Releasing
Tomorrowland,33028165,93436322,35.4,3972,8315,22-05-2015,Walt Disney Studios Motion Pictures
Blades of Glory,33014202,118594548,27.8,3372,9790,30-03-2007,DreamWorks
Insidious: The Red Door,33013036,82156962,40.2,3188,10355,07-07-2023,Screen Gems
Birds of Prey,33010017,84158461,39.2,4236,7792,07-02-2020,Warner Bros.
Rush Hour,33001803,141186864,23.4,2638,12510,18-09-1998,New Line Cinema
Scream 2,32926342,101363301,32.5,2663,12364,12-12-1997,Dimension Films
A Nightmare on Elm Street,32902299,63075011,52.2,3332,9874,30-04-2010,Warner Bros.
Dark Phoenix,32828348,65845974,49.9,3721,8822,07-06-2019,Twentieth Century Fox
The Book of Eli,32789494,94835059,34.6,3111,10539,15-01-2010,Warner Bros.
Blade Runner 2049,32753122,92054159,35.6,4058,8071,06-10-2017,Warner Bros.
Where the Wild Things Are,32695407,77233467,42.3,3735,8753,16-10-2009,Warner Bros.
Due Date,32689406,100539043,32.5,3355,9743,05-11-2010,Warner Bros.
The Nun II,32603336,86267073,37.8,3728,8745,08-09-2023,Warner Bros.
Blade II,32528016,82348319,39.5,2707,12016,22-03-2002,New Line Cinema
The Maze Runner,32512804,102427862,31.7,3604,9021,19-09-2014,Twentieth Century Fox
Spy Kids 3: Game Over,32500000,111761982,29.1,3344,9718,25-07-2003,Dimension Films
Hannah Montana: The Movie,32324487,79576189,40.6,3118,10367,10-04-2009,Walt Disney Studios Motion Pictures
Mr. Peabody & Sherman,32207057,111506430,28.9,3934,8186,07-03-2014,Twentieth Century Fox
Immortals,32206425,83504017,38.6,3112,10349,11-11-2011,Relativity Media
Wedding Crashers,32200000,209255921,15.4,2925,11008,15-07-2005,New Line Cinema
Elf,32100000,173398518,18.5,3337,9619,07-11-2003,New Line Cinema
Jackass Presents: Bad Grandpa,32055177,102003019,31.4,3336,9608,25-10-2013,Paramount Pictures
The SpongeBob SquarePants Movie,32018216,85417988,37.5,3212,9968,19-11-2004,Paramount Pictures
Paul Blart: Mall Cop,31832636,146336178,21.8,3144,10124,16-01-2009,Sony Pictures Releasing
Terminator 2: Judgment Day,31765506,204843345,15.5,2274,13969,03-07-1991,TriStar Pictures
Saw IV,31756764,63300095,50.2,3183,9976,26-10-2007,Lionsgate Films
Saw II,31725652,87039965,36.4,2949,10758,28-10-2005,Lionsgate Films
G-Force,31706934,119436770,26.6,3697,8576,24-07-2009,Walt Disney Studios Motion Pictures
The Mummy,31688375,80227895,39.5,4035,7853,09-06-2017,Universal Pictures
Godzilla vs. Kong,31625971,100916094,31.3,3064,10321,31-03-2021,Warner Bros.
Bad Teacher,31603106,100292856,31.5,3049,10365,24-06-2011,Sony Pictures Releasing
The Truman Show,31542121,125618201,25.1,2315,13625,05-06-1998,Paramount Pictures
The Purge: Election Year,31515110,79213375,39.8,2796,11271,01-07-2016,Universal Pictures
The Wolfman,31479235,61979680,50.8,3222,9770,12-02-2010,Universal Pictures
Ford v Ferrari,31474958,117624357,26.8,3528,8921,15-11-2019,Twentieth Century Fox
Liar Liar,31423025,181410615,17.3,2845,11045,21-03-1997,Universal Pictures
Percy Jackson & the Olympians: The Lightning Thief,31236067,88768303,35.2,3356,9307,12-02-2010,Twentieth Century Fox
Elvis,31211579,151040048,20.7,3906,7990,24-06-2022,Warner Bros.
Girls Trip,31201920,115171585,27.1,2591,12042,21-07-2017,Universal Pictures
Evan Almighty,31192615,100462298,31,3604,8654,22-06-2007,Universal Pictures
The Sum of All Fears,31178526,118907036,26.2,3183,9795,31-05-2002,Paramount Pictures
Home Alone 2: Lost in New York,31126882,173585516,17.9,2222,14008,20-11-1992,Twentieth Century Fox
Hannah Montana and Miley Cyrus: Best of Both Worlds Concert,31117834,65281781,47.7,683,45560,01-02-2008,Walt Disney Studios Motion Pictures
Bringing Down the House,31101026,132716677,23.4,2801,11103,07-03-2003,Walt Disney Studios Motion Pictures
Four Christmases,31069826,120146040,25.9,3310,9386,26-11-2008,Warner Bros.
Space Jam: A New Legacy,31053362,70592228,44,3965,7831,16-07-2021,Warner Bros.
Into the Woods,31051923,128002372,24.3,2440,12726,25-12-2014,Walt Disney Studios Motion Pictures
Pokémon: The First Movie - Mewtwo Strikes Back,31036678,85744662,36.2,3043,10199,10-11-1999,Warner Bros.
Downton Abbey,31033665,96853865,32,3079,10079,20-09-2019,Focus Features
Sex and the City 2,31001870,95347692,32.5,3445,8999,27-05-2010,Warner Bros.
Step Brothers,30940732,100468793,30.8,3094,10000,25-07-2008,Sony Pictures Releasing
Little Fockers,30833665,148438600,20.8,3536,8719,22-12-2010,Universal Pictures
Star Trek: First Contact,30716131,92027888,33.4,2812,10923,22-11-1996,Paramount Pictures
Knocked Up,30690990,148768917,20.6,2871,10690,01-06-2007,Universal Pictures
The Dukes of Hazzard,30675314,80270227,38.2,3785,8104,05-08-2005,Warner Bros.
Unbroken,30621445,115637895,26.5,3131,9780,25-12-2014,Universal Pictures
Brüno,30619130,60054530,51,2756,11109,10-07-2009,Universal Pictures
Saving Private Ryan,30576104,216540909,14.1,2463,12414,24-07-1998,DreamWorks Distribution
The Pacifier,30552694,113086868,27,3131,9758,04-03-2005,Walt Disney Studios Motion Pictures
Bram Stoker's Dracula,30521679,82522790,37,2491,12252,13-11-1992,Columbia Pictures
The Happening,30517109,64506874,47.3,2986,10220,13-06-2008,Twentieth Century Fox
Just Go with It,30514732,103028109,29.6,3548,8600,11-02-2011,Sony Pictures Releasing
The Day the Earth Stood Still,30480153,79366978,38.4,3560,8561,12-12-2008,Twentieth Century Fox
Dear John,30468614,80014842,38.1,2969,10262,05-02-2010,Screen Gems
The Lost City,30453269,105344029,28.9,4253,7160,25-03-2022,Paramount Pictures
John Wick: Chapter 2,30436123,92029184,33.1,3113,9777,10-02-2017,Lionsgate Films
Night at the Museum,30433781,250863268,12.1,3685,8258,22-12-2006,Twentieth Century Fox
M3GAN,30429860,95159005,32,3509,8671,06-01-2023,Universal Pictures
Olympus Has Fallen,30373794,98925640,30.7,3098,9804,22-03-2013,FilmDistrict
Unbreakable,30330771,95011339,31.9,2708,11200,22-11-2000,Walt Disney Studios Motion Pictures
Maze Runner: The Scorch Trials,30316510,81697192,37.1,3791,7996,18-09-2015,Twentieth Century Fox
Cloudy with a Chance of Meatballs,30304648,124870275,24.3,3119,9716,18-09-2009,Sony Pictures Releasing
The Addams Family,30300007,100044905,30.3,4007,7561,11-10-2019,United Artists Releasing
America's Sweethearts,30181877,93607673,32.2,3011,10023,20-07-2001,Revolution Studios
John Carter,30180188,73078100,41.3,3749,8050,09-03-2012,Walt Disney Studios Motion Pictures
The Lion King2011 3D Release,30151614,94242001,32,2330,12940,16-09-2011,Walt Disney Studios Motion Pictures
The X Files,30138758,83898313,35.9,2629,11463,19-06-1998,Twentieth Century Fox
Django Unchained,30122888,162805434,18.5,3010,10007,25-12-2012,The Weinstein Company
Shazam! Fury of the Gods,30111158,57638006,52.2,4071,7396,17-03-2023,Warner Bros.
The Best Man Holiday,30107555,70525195,42.7,2024,14875,15-11-2013,Universal Pictures
Trainwreck,30097040,110212700,27.3,3158,9530,17-07-2015,Universal Pictures
Prince of Persia: The Sands of Time,30095259,90759676,33.2,3646,8254,28-05-2010,Walt Disney Studios Motion Pictures
Dodgeball: A True Underdog Story,30070196,114326736,26.3,2694,11161,18-06-2004,Twentieth Century Fox
A Series of Unfortunate Events,30061756,118634549,25.3,3620,8304,17-12-2004,Paramount Pictures
Sleepy Hollow,30060467,101071502,29.7,3064,9810,19-11-1999,Paramount Pictures
Panic Room,30056751,96397334,31.2,3053,9844,29-03-2002,Sony Pictures Releasing
The Exorcism of Emily Rose,30054300,75072454,40,2981,10081,09-09-2005,Screen Gems
Saw V,30053954,56746769,53,3060,9821,24-10-2008,Lionsgate Films
Catch Me If You Can,30053627,164615351,18.3,3156,9522,25-12-2002,DreamWorks Distribution
A Christmas Carol,30051075,137855863,21.8,3683,8159,06-11-2009,Walt Disney Studios Motion Pictures
Men in Black: International,30035838,80001807,37.5,4224,7110,14-06-2019,Sony Pictures Releasing
Madea's Family Reunion,30030661,63257940,47.5,2194,13687,24-02-2006,Lionsgate Films
Bullet Train,30030156,103368602,29,4357,6892,05-08-2022,Sony Pictures Releasing
Scream,30018805,81641405,36.8,3664,8192,14-01-2022,Paramount Pictures
Meg 2: The Trench,30002735,82600317,36.3,3503,8564,04-08-2023,Warner Bros.
Trolls Band Together,30002525,102996915,29.1,3870,7752,17-11-2023,Universal Pictures
The Purge: Anarchy,29816675,71962800,41.4,2805,10629,18-07-2014,Universal Pictures
Elysium,29807393,93050117,32,3284,9076,09-08-2013,TriStar Pictures
Hercules,29800263,72688614,41,3595,8289,25-07-2014,Paramount Pictures
Constantine,29769098,75976178,39.2,3006,9903,18-02-2005,Warner Bros.
What Lies Beneath,29702959,155464351,19.1,2813,10559,21-07-2000,DreamWorks Distribution
The Flintstones,29688730,130531208,22.7,2498,11885,27-05-1994,Universal Pictures
Dark Shadows,29685274,79727149,37.2,3755,7905,11-05-2012,Warner Bros.
Daddy's Home 2,29651193,104029443,28.5,3575,8294,10-11-2017,Paramount Pictures
Creed,29632823,109767581,27,3404,8705,25-11-2015,Warner Bros.
Elemental,29602429,154426697,19.2,4035,7336,16-06-2023,Walt Disney Studios Motion Pictures
Insidious: The Last Key,29581355,67745330,43.7,3116,9493,05-01-2018,Universal Pictures
Justin Bieber: Never Say Never,29514054,73013910,40.4,3105,9505,11-02-2011,Paramount Pictures
Ghostbusters II,29472894,112494738,26.2,2410,12229,16-06-1989,Columbia Pictures
Scooby-Doo 2: Monsters Unleashed,29438331,84216833,35,3312,8888,26-03-2004,Warner Bros.
Indiana Jones and the Last Crusade,29355021,197171806,14.9,2327,12614,24-05-1989,Paramount Pictures
A.I. Artificial Intelligence,29352630,78616689,37.3,3242,9053,29-06-2001,Warner Bros.
Now You See Me,29350389,117723989,24.9,2925,10034,31-05-2013,Lionsgate Films
Beverly Hills Chihuahua,29300465,94514402,31,3215,9113,03-10-2008,Walt Disney Studios Motion Pictures
Why Did I Get Married Too?,29289537,60095852,48.7,2155,13591,02-04-2010,Lionsgate Films
Think Like a Man Too,29241911,65182182,44.9,2225,13142,20-06-2014,Screen Gems
The Muppets,29239026,88631237,33,3440,8499,23-11-2011,Walt Disney Studios Motion Pictures
The Lone Ranger,29210849,89302115,32.7,3904,7482,03-07-2013,Walt Disney Studios Motion Pictures
Eagle Eye,29150721,101440743,28.7,3510,8305,26-09-2008,DreamWorks
Toy Story,29140617,191796233,15.2,2457,11860,22-11-1995,Walt Disney Studios Motion Pictures
The Texas Chainsaw Massacre,29100000,80571655,36.1,3016,9648,17-10-2003,New Line Cinema
Spy,29085719,110825712,26.2,3711,7837,05-06-2015,Twentieth Century Fox
Terminator: Dark Fate,29033832,62253077,46.6,4086,7105,01-11-2019,Paramount Pictures
Allegiant,29027348,66184051,43.9,3740,7761,18-03-2016,Lionsgate Films
Doctor Dolittle,29014324,144156605,20.1,2777,10448,26-06-1998,Twentieth Century Fox
The Santa Clause 2,29008696,139236327,20.8,3350,8659,01-11-2002,Walt Disney Studios Motion Pictures
Paranormal Activity 4,29003866,53885000,53.8,3412,8500,19-10-2012,Paramount Pictures
Jackass Number Two,29002002,72778712,39.8,3059,9480,22-09-2006,Paramount Pictures
Inside Man,28954945,88513495,32.7,2818,10274,24-03-2006,Universal Pictures
Cast Away,28883406,233632142,12.4,2774,10412,22-12-2000,Twentieth Century Fox
Non-Stop,28875635,92168600,31.3,3090,9344,28-02-2014,Universal Pictures
Miss Peregrine's Home for Peculiar Children,28871140,87242834,33.1,3522,8197,30-09-2016,Twentieth Century Fox
Edge of Tomorrow,28760246,100206256,28.7,3490,8240,06-06-2014,Warner Bros.
Murder on the Orient Express,28681472,102826543,27.9,3341,8584,10-11-2017,Twentieth Century Fox
Bob Marley: One Love,28659004,96456635,29.7,3539,8098,14-02-2024,Paramount Pictures
Titanic,28638131,600683057,4.8,2674,10709,19-12-1997,Paramount Pictures
Mean Girls,28635307,72404248,39.6,3791,7553,12-01-2024,Paramount Pictures
Meet the Parents,28623300,166244045,17.2,2614,10950,06-10-2000,Universal Pictures
Obsessed,28612730,68261644,41.9,2514,11381,24-04-2009,Screen Gems
The Expendables 2,28591370,85028192,33.6,3316,8622,17-08-2012,Lionsgate Films
Alita: Battle Angel,28525613,85838210,33.2,3790,7526,14-02-2019,Twentieth Century Fox
Boo! A Madea Halloween,28501448,73206343,38.9,2260,12611,21-10-2016,Lionsgate Films
Anchorman: The Legend of Ron Burgundy,28416365,85288303,33.3,3091,9193,09-07-2004,DreamWorks Distribution
Mama,28402310,71628180,39.6,2647,10730,18-01-2013,Universal Pictures
Free Guy,28365416,121626598,23.3,4165,6810,13-08-2021,20th Century Studios
Nacho Libre,28309599,80197993,35.3,3070,9221,16-06-2006,Paramount Pictures
Horrible Bosses,28302165,117538559,24.1,3040,9309,08-07-2011,Warner Bros.
The Invisible Man,28205665,70410000,40.1,3610,7813,28-02-2020,Universal Pictures
Erin Brockovich,28138465,125595205,22.4,2848,9880,17-03-2000,Universal Pictures
Pacific Rim: Uprising,28116535,59874525,47,3708,7582,23-03-2018,Universal Pictures
Starsky & Hutch,28103367,88237754,31.8,3185,8823,05-03-2004,Warner Bros.
Sin City,28100000,74103820,37.9,3230,8699,01-04-2005,Dimension Films
Teenage Mutant Ninja Turtles: Mutant Mayhem,28007544,118613586,23.6,3858,7259,02-08-2023,Paramount Pictures
Back to the Future Part II,27835125,118450002,23.5,1865,14925,22-11-1989,Universal Pictures
Hairspray,27800000,118871849,23.4,3121,8907,20-07-2007,New Line Cinema
The Matrix,27788331,171479930,16.2,2849,9753,31-03-1999,Warner Bros.
He's Just Not That Into You,27785487,93953653,29.6,3175,8751,06-02-2009,Warner Bros.
Mamma Mia!,27751240,144290968,19.2,2976,9325,18-07-2008,Universal Pictures
Big Momma's House 2,27736056,70165972,39.5,3261,8505,27-01-2006,Twentieth Century Fox
Jarhead,27726210,62658220,44.2,2411,11499,04-11-2005,Universal Pictures
Along Came Polly,27721185,88097164,31.5,2984,9289,16-01-2004,Universal Pictures
Wild Wild West,27687484,113804681,24.3,3342,8284,30-06-1999,Warner Bros.
Aquaman and the Lost Kingdom,27686211,124481226,22.2,3706,7470,22-12-2023,Warner Bros.
Daddy Day Care,27623580,104297061,26.5,3370,8196,09-05-2003,Revolution Studios
The Ugly Truth,27605576,88915214,31,2882,9578,24-07-2009,Sony Pictures Releasing
Cheaper by the Dozen,27557647,138614544,19.9,3298,8355,25-12-2003,Twentieth Century Fox
Wonder,27547866,132422809,20.8,3096,8897,17-11-2017,Lionsgate Films
The Devil Wears Prada,27537244,124740460,22.1,2847,9672,30-06-2006,Twentieth Century Fox
Space Jam,27528529,90418342,30.4,2650,10388,15-11-1996,Warner Bros.
After Earth,27520040,60522097,45.5,3401,8091,31-05-2013,Sony Pictures Releasing
Beowulf,27515871,82280579,33.4,3153,8726,16-11-2007,Paramount Pictures
42,27487144,95020213,28.9,3003,9153,12-04-2013,Warner Bros.
Bedtime Stories,27450296,110101975,24.9,3681,7457,25-12-2008,Walt Disney Studios Motion Pictures
The Final Destination,27408309,66477700,41.2,3121,8781,28-08-2009,Warner Bros.
Jumper,27354808,80172128,34.1,3428,7979,14-02-2008,Twentieth Century Fox
Journey 2: The Mysterious Island,27335363,103860290,26.3,3470,7877,10-02-2012,Warner Bros.
The Rugrats Movie,27321470,100494675,27.2,2782,9820,20-11-1998,Paramount Pictures
Real Steel,27319677,85468508,32,3440,7941,07-10-2011,Walt Disney Studios Motion Pictures
Les Misérables,27281735,148809770,18.3,2814,9695,25-12-2012,Universal Pictures
Night School,27257615,77339130,35.2,3010,9055,28-09-2018,Universal Pictures
Encanto,27206494,96093622,28.3,3980,6835,24-11-2021,Walt Disney Studios Motion Pictures
Jack the Giant Slayer,27202226,65187603,41.7,3525,7716,01-03-2013,Warner Bros.
The Bourne Identity,27118640,121661683,22.3,2638,10280,14-06-2002,Universal Pictures
A Madea Family Funeral,27062332,73257045,36.9,2442,11082,01-03-2019,Lionsgate Films
2 Guns,27059130,75612460,35.8,3025,8945,02-08-2013,Universal Pictures
Terminator Genisys,27018486,89760956,30.1,3758,7189,01-07-2015,Paramount Pictures
Ender's Game,27017351,61737191,43.8,3407,7929,01-11-2013,Lionsgate Films
The Departed,26887467,132384315,20.3,3017,8911,06-10-2006,Warner Bros.
Alice Through the Looking Glass,26858726,77041381,34.9,3763,7137,27-05-2016,Walt Disney Studios Motion Pictures
Underworld: Evolution,26857181,62318875,43.1,3207,8374,20-01-2006,Screen Gems
The Curious Case of Benjamin Button,26853816,127509326,21.1,2988,8987,25-12-2008,Paramount Pictures
Zombieland: Double Tap,26803104,73123082,36.6,3468,7728,18-10-2019,Sony Pictures Releasing
Knives Out,26769548,165363234,16.2,3461,7734,27-11-2019,Lionsgate Films
Flubber,26725207,92977226,28.7,2641,10119,26-11-1997,Walt Disney Studios Motion Pictures
Dawn of the Dead,26722575,59020957,45.3,2745,9735,19-03-2004,Universal Pictures
The Sixth Sense,26681262,293506292,9.1,2161,12346,06-08-1999,Walt Disney Studios Motion Pictures
Resident Evil: Afterlife,26650264,60128566,44.3,3203,8320,10-09-2010,Screen Gems
The House with a Clock in Its Walls,26608020,68549695,38.8,3592,7407,21-09-2018,Universal Pictures
The Campaign,26588460,86907746,30.6,3205,8295,10-08-2012,Warner Bros.
Spy Kids,26546881,112719001,23.6,3104,8552,30-03-2001,Miramax
The Pursuit of Happyness,26541709,163566459,16.2,2852,9306,15-12-2006,Sony Pictures Releasing
Crazy Rich Asians,26510140,174532921,15.2,3384,7833,15-08-2018,Warner Bros.
The Exorcist: Believer,26497600,65537395,40.4,3663,7233,06-10-2023,Universal Pictures
Borat,26455463,128505958,20.6,837,31607,03-11-2006,Twentieth Century Fox
All Eyez on Me,26435354,44922302,58.8,2471,10698,16-06-2017,Lionsgate Films
We're the Millers,26419396,150394119,17.6,3260,8104,07-08-2013,Warner Bros.
Hollow Man,26414386,73209340,36.1,2956,8935,04-08-2000,Sony Pictures Releasing
Don't Breathe,26411706,89217875,29.6,3051,8656,26-08-2016,Screen Gems
Halloween,26362367,58272029,45.2,3472,7592,31-08-2007,-
Beverly Hills Cop II,26348555,153665036,17.2,2326,11327,20-05-1987,Paramount Pictures
The Curse of La Llorona,26347631,54733739,48.1,3372,7813,19-04-2019,Warner Bros.
Bridesmaids,26247410,169106725,15.5,2918,8995,13-05-2011,Universal Pictures
Anchorman 2: The Legend Continues,26232425,125168368,21,3507,7480,18-12-2013,Paramount Pictures
Bolt,26223128,114053579,23,3651,7182,21-11-2008,Walt Disney Studios Motion Pictures
The Suicide Squad,26205415,55817425,47,4002,6548,06-08-2021,Warner Bros.
GoldenEye,26205007,106429941,24.6,2667,9825,17-11-1995,Metro-Goldwyn-Mayer
The Golden Compass,26125000,70107728,37.3,3528,7405,07-12-2007,New Line Cinema
The Help,26044590,169708112,15.4,2534,10278,10-08-2011,Walt Disney Studios Motion Pictures
Happy Death Day,26039025,55683845,46.8,3149,8268,13-10-2017,Universal Pictures
The Perfect Guy,25888154,57027435,45.4,2221,11656,11-09-2015,Screen Gems
True Lies,25869770,146282411,17.7,2368,10924,15-07-1994,Twentieth Century Fox
Tropic Thunder,25812796,110515313,23.4,3319,7777,13-08-2008,DreamWorks
Evil Dead,25775847,54239856,47.5,3025,8520,05-04-2013,TriStar Pictures
Rocketman,25725722,96368160,26.7,3610,7126,31-05-2019,Paramount Pictures
Miami Vice,25723815,63450470,40.5,3021,8515,28-07-2006,Universal Pictures
Captain Phillips,25718314,107100855,24,3020,8515,11-10-2013,Sony Pictures Releasing
Fantastic Four,25685737,56117548,45.8,3995,6429,07-08-2015,Twentieth Century Fox
The A-Team,25669455,77222099,33.2,3535,7261,11-06-2010,Twentieth Century Fox
Big Momma's House,25661041,117559438,21.8,2802,9158,02-06-2000,Twentieth Century Fox
About Last Night,25649011,48637684,52.7,2253,11384,14-02-2014,Screen Gems
V for Vendetta,25642340,70511035,36.4,3365,7620,17-03-2006,Warner Bros.
Robin Hood: Prince of Thieves,25625602,165493908,15.5,2369,10817,14-06-1991,Warner Bros.
Son of God,25601865,59700064,42.9,3260,7853,28-02-2014,Twentieth Century Fox
Kill Bill: Vol. 2,25600000,66208183,38.7,2971,8616,16-04-2004,Miramax
Total Recall,25577758,58877969,43.4,3601,7102,03-08-2012,Sony Pictures Releasing
Battleship,25534825,65422625,39,3690,6920,18-05-2012,Universal Pictures
Total Recall,25533700,119394840,21.4,2060,12395,01-06-1990,Sony Pictures Releasing
Penguins of Madagascar,25447444,83850911,30.4,3764,6760,26-11-2014,Twentieth Century Fox
The Visit,25427560,65206105,39,3069,8285,11-09-2015,Universal Pictures
The Nutty Professor,25411725,128814019,19.7,2115,12015,28-06-1996,Universal Pictures
The Firm,25400000,158348367,16,2393,10614,02-07-1993,Paramount Pictures
Teenage Mutant Ninja Turtles,25398367,135265915,18.8,2006,12661,30-03-1990,New Line Cinema
Madea's Witness Protection,25390575,65653242,38.7,2161,11749,29-06-2012,Lionsgate Films
Gnomeo & Juliet,25356909,99967670,25.4,2994,8469,11-02-2011,Walt Disney Studios Motion Pictures
Apollo 13,25353380,172071312,14.7,2197,11540,30-06-1995,Universal Pictures
Indiana Jones and the Temple of Doom,25337110,179870271,14.1,1687,15019,23-05-1984,Paramount Pictures
Gone in 60 Seconds,25336048,101648571,24.9,3006,8428,09-06-2000,Walt Disney Studios Motion Pictures
Underworld: Awakening,25306725,62321039,40.6,3078,8221,20-01-2012,Screen Gems
Public Enemies,25271675,97104620,26,3334,7579,01-07-2009,Universal Pictures
Patch Adams,25262280,135026902,18.7,2712,9315,25-12-1998,Universal Pictures
Date Night,25207599,98711404,25.5,3374,7471,09-04-2010,Twentieth Century Fox
Tomorrow Never Dies,25143007,125304276,20.1,2807,8957,19-12-1997,Metro-Goldwyn-Mayer
Meet the Robinsons,25123781,97822171,25.7,3413,7361,30-03-2007,Walt Disney Studios Motion Pictures
Master and Commander: The Far Side of the World,25105990,93927920,26.7,3101,8096,14-11-2003,Twentieth Century Fox
The Rock,25069525,134069511,18.7,2392,10480,07-06-1996,Walt Disney Studios Motion Pictures
Madea's Big Happy Family,25068677,53345287,47,2288,10956,22-04-2011,Lionsgate Films
Dr. Dolittle 2,25037039,112952899,22.2,3049,8211,22-06-2001,Twentieth Century Fox
Blue Beetle,25030225,72488072,34.5,3871,6466,18-08-2023,Warner Bros.
Vanilla Sky,25015518,100618344,24.9,2742,9123,14-12-2001,Paramount Pictures
Peter Rabbit,25010928,115253424,21.7,3725,6714,09-02-2018,Sony Pictures Releasing
Jack and Jill,25003575,74158157,33.7,3438,7272,11-11-2011,Sony Pictures Releasing
Skyscraper,24905015,68420120,36.4,3782,6585,13-07-2018,Universal Pictures
Flight,24900566,93772375,26.6,1884,13216,02-11-2012,Paramount Pictures
White House Down,24852258,73103784,34,3222,7713,28-06-2013,Sony Pictures Releasing
A Good Day to Die Hard,24834845,67349198,36.9,3553,6989,14-02-2013,Twentieth Century Fox
True Grit,24830443,171243005,14.5,3047,8149,22-12-2010,Paramount Pictures
The Call of the Wild,24791624,62342368,39.8,3752,6607,21-02-2020,20th Century Studios
The Other Woman,24763752,83911193,29.5,3205,7726,25-04-2014,Twentieth Century Fox
Predators,24760882,52000688,47.6,2669,9277,09-07-2010,Twentieth Century Fox
Zombieland,24733155,75590286,32.7,3036,8146,02-10-2009,Sony Pictures Releasing
10 Cloverfield Lane,24727437,72082998,34.3,3391,7292,11-03-2016,Paramount Pictures
Taken,24717037,145000989,17,3183,7765,30-01-2009,Twentieth Century Fox
The Accountant,24710273,86260045,28.6,3332,7416,14-10-2016,Warner Bros.
Collateral,24701458,101005703,24.5,3188,7748,06-08-2004,DreamWorks Distribution
Congo,24642539,81022101,30.4,2649,9302,09-06-1995,Paramount Pictures
The Butler,24637312,116632095,21.1,2933,8400,16-08-2013,The Weinstein Company
The Predator,24632284,51024708,48.3,4037,6101,14-09-2018,Twentieth Century Fox
Flightplan,24629938,89707299,27.5,3424,7193,23-09-2005,Walt Disney Studios Motion Pictures
Knowing,24604751,79957634,30.8,3332,7384,20-03-2009,Summit Entertainment
Christopher Robin,24585139,99215042,24.8,3602,6825,03-08-2018,Walt Disney Studios Motion Pictures
Eraser,24566446,101295562,24.2,2410,10193,21-06-1996,Warner Bros.
The Girl on the Train,24536265,75395035,32.5,3144,7804,07-10-2016,Universal Pictures
The Emoji Movie,24531923,86089513,28.5,4075,6020,28-07-2017,Sony Pictures Releasing
Evil Dead Rise,24504315,67233054,36.4,3402,7202,21-04-2023,Warner Bros.
Pet Sematary,24502775,54724696,44.8,3585,6834,05-04-2019,Paramount Pictures
Act of Valor,24476632,70012847,35,3039,8054,24-02-2012,Relativity Media
Forrest Gump,24450602,329694499,7.4,1595,15329,06-07-1994,Paramount Pictures
Mean Girls,24432195,86058055,28.4,2839,8605,30-04-2004,Paramount Pictures
Failure to Launch,24411322,88715192,27.5,3057,7985,10-03-2006,Paramount Pictures
Race to Witch Mountain,24402214,67172594,36.3,3187,7656,13-03-2009,Walt Disney Studios Motion Pictures
Contraband,24349815,66528000,36.6,2863,8505,13-01-2012,Universal Pictures
The Chronicles of Riddick,24289165,57761012,42,2757,8809,11-06-2004,Universal Pictures
The Haunted Mansion,24278410,75847266,32,3122,7776,26-11-2003,Walt Disney Studios Motion Pictures
The Last Samurai,24271354,111127263,21.8,2908,8346,05-12-2003,Warner Bros.
TMNT,24255205,54149098,44.8,3110,7799,23-03-2007,Warner Bros.
No Good Deed,24250283,52543632,46.2,2175,11149,12-09-2014,Screen Gems
Barbershop 2: Back in Business,24241612,65111277,37.2,2711,8941,06-02-2004,Metro-Goldwyn-Mayer
"Me, Myself & Irene",24209385,90570999,26.7,3019,8019,23-06-2000,Twentieth Century Fox
The Addams Family,24203754,113502426,21.3,2411,10038,22-11-1991,Paramount Pictures
Coach Carter,24182961,67264877,36,2524,9581,14-01-2005,Paramount Pictures
Maze Runner: The Death Cure,24167011,58032443,41.6,3787,6381,26-01-2018,Twentieth Century Fox
Warcraft,24166110,47365290,51,3400,7107,10-06-2016,Universal Pictures
Con Air,24131738,101117573,23.9,2824,8545,06-06-1997,Walt Disney Studios Motion Pictures
Exodus: Gods and Kings,24115934,65014513,37.1,3503,6884,12-12-2014,Twentieth Century Fox
White Noise,24113565,56386759,42.8,2261,10665,07-01-2005,Universal Pictures
21,24105943,81159365,29.7,2648,9103,28-03-2008,Sony Pictures Releasing
The Conjuring: The Devil Made Me Do It,24104332,65631050,36.7,3102,7770,04-06-2021,Warner Bros.
Haunted Mansion,24082475,67653287,35.6,3740,6439,28-07-2023,Walt Disney Studios Motion Pictures
Arrival,24074047,100546139,23.9,2317,10390,11-11-2016,Paramount Pictures
Tower Heist,24025190,78046570,30.8,3367,7135,04-11-2011,Universal Pictures
Pixels,24011616,78747585,30.5,3723,6449,24-07-2015,Sony Pictures Releasing
The Chronicles of Narnia: The Voyage of the Dawn Treader,24005069,104386950,23,3555,6752,10-12-2010,Twentieth Century Fox
Monster-in-Law,24000000,82931301,28.9,3424,7009,13-05-2005,New Line Cinema
The Fast and the Furious: Tokyo Drift,23973840,62514415,38.4,3027,7920,16-06-2006,Universal Pictures
The Bad Guys,23950245,97459240,24.6,4008,5975,22-04-2022,Universal Pictures
Fahrenheit 9/11,23920637,119194771,20.1,868,27558,23-06-2004,Lionsgate Films
Captain Underpants: The First Epic Movie,23851539,73921000,32.3,3434,6945,02-06-2017,Twentieth Century Fox
Bad Moms,23817340,113257297,21,3215,7408,29-07-2016,STX Entertainment
The Town,23808032,92186262,25.8,2861,8321,17-09-2010,Warner Bros.
How to Lose a Guy in 10 Days,23774850,105813373,22.5,2923,8133,07-02-2003,Paramount Pictures
Rise of the Guardians,23773465,103412758,23,3653,6507,21-11-2012,DreamWorks
Paul Blart: Mall Cop 2,23762435,71038190,33.4,3633,6540,17-04-2015,Sony Pictures Releasing
The Fugitive,23758855,183875760,12.9,2340,10153,06-08-1993,Warner Bros.
Diary of a Wimpy Kid: Rodrick Rules,23751502,52698535,45.1,3167,7499,25-03-2011,Twentieth Century Fox
17 Again,23722310,64167069,37,3255,7287,17-04-2009,Warner Bros.
Fury,23702421,85817906,27.6,3173,7470,17-10-2014,Sony Pictures Releasing
Resident Evil: Extinction,23678580,50648679,46.8,2828,8372,21-09-2007,Screen Gems
Tomb Raider,23633317,58250803,40.6,3854,6132,16-03-2018,Warner Bros.
The Black Phone,23633220,90123230,26.2,3150,7502,24-06-2022,Universal Pictures
Open Season,23624548,85105259,27.8,3833,6163,29-09-2006,Sony Pictures Releasing
Goosebumps,23618556,80080379,29.5,3501,6746,16-10-2015,Sony Pictures Releasing
The Boss,23586645,63285885,37.3,3480,6777,08-04-2016,Universal Pictures
Dinner for Schmucks,23527839,73026337,32.2,2911,8082,30-07-2010,DreamWorks
Mary Poppins Returns,23523121,171958438,13.7,4090,5751,19-12-2018,Walt Disney Studios Motion Pictures
Dracula Untold,23514615,56280355,41.8,2885,8150,10-10-2014,Universal Pictures
The Amityville Horror,23507007,65233369,36,3323,7074,15-04-2005,Metro-Goldwyn-Mayer
Be Cool,23450212,56046979,41.8,3216,7291,04-03-2005,Metro-Goldwyn-Mayer
I Can Do Bad All by Myself,23446785,51733921,45.3,2255,10397,11-09-2009,Lionsgate Films
Save the Last Dance,23444930,91057006,25.8,2230,10513,12-01-2001,Paramount Pictures
Once Upon a Time in Mexico,23424118,56359780,41.6,3282,7137,12-09-2003,Sony Pictures Releasing
Face/Off,23387530,112276146,20.8,2621,8923,27-06-1997,Paramount Pictures
The Taking of Pelham 123,23373102,65452312,35.7,3074,7603,12-06-2009,Sony Pictures Releasing
The Polar Express,23323463,162775358,14.3,3650,6389,10-11-2004,Warner Bros.
Mortal Kombat,23302503,42326031,55,3073,7582,23-04-2021,Warner Bros.
Mortal Kombat,23283887,70454098,33,2421,9617,18-08-1995,New Line Cinema
Cocaine Bear,23260790,64670240,36,3534,6582,24-02-2023,Universal Pictures
Killers of the Flower Moon,23253655,68026901,34.2,3628,6409,20-10-2023,Paramount Pictures
Pineapple Express,23245025,87341380,26.6,3072,7566,06-08-2008,Sony Pictures Releasing
Alvin and the Chipmunks: Chipwrecked,23244744,133110742,17.5,3723,6243,16-12-2011,Twentieth Century Fox
Eragon,23239907,75030163,31,3020,7695,15-12-2006,Twentieth Century Fox
This Is It,23234394,72091016,32.2,3481,6674,28-10-2009,Sony Pictures Releasing
Hellboy,23172440,59623958,38.9,3028,7652,02-04-2004,Revolution Studios
Double Jeopardy,23162542,116741558,19.8,2547,9094,24-09-1999,Paramount Pictures
Jackass Forever,23154388,57743451,40.1,3604,6424,04-02-2022,Paramount Pictures
The Mask,23117068,119938730,19.3,2360,9795,29-07-1994,New Line Cinema
Star Trek: Generations,23116394,75671125,30.6,2659,8693,18-11-1994,Paramount Pictures
Eat Pray Love,23104523,80574010,28.7,3082,7496,13-08-2010,Sony Pictures Releasing
The League of Extraordinary Gentlemen,23075892,66465204,34.7,3002,7686,11-07-2003,Twentieth Century Fox
Smallfoot,23045635,83240103,27.7,4131,5578,28-09-2018,Warner Bros.
Resident Evil: Apocalypse,23036273,51201453,45,3284,7014,10-09-2004,Screen Gems
Star Wars: Episode VI - Return of the Jedi,23019618,252583617,9.1,1002,22973,25-05-1983,Twentieth Century Fox
27 Dresses,23007725,76808654,30,3057,7526,18-01-2008,Twentieth Century Fox
The Haunting in Connecticut,23004765,55389516,41.5,2732,8420,27-03-2009,Lionsgate Films
DC League of Super-Pets,23003441,93657117,24.6,4314,5332,29-07-2022,Warner Bros.
The Princess Diaries 2: Royal Engagement,22956453,95170481,24.1,3472,6611,11-08-2004,Walt Disney Studios Motion Pictures
The Game Plan,22950971,90648202,25.3,3103,7396,28-09-2007,Walt Disney Studios Motion Pictures
Vantage Point,22874936,72266306,31.6,3149,7264,22-02-2008,Sony Pictures Releasing
Jack Reacher: Never Go Back,22872490,58697076,39,3780,6050,21-10-2016,Paramount Pictures
The Princess Diaries,22862269,108248956,21.1,2537,9011,03-08-2001,Walt Disney Studios Motion Pictures
Mission to Mars,22855247,60883407,37.5,3054,7483,10-03-2000,Walt Disney Studios Motion Pictures
The Interpreter,22822455,72708161,31.4,2758,8275,22-04-2005,Universal Pictures
PAW Patrol: The Mighty Movie,22764354,65231360,34.9,3989,5706,29-09-2023,Paramount Pictures
Jackass: The Movie,22763437,64255312,35.4,2509,9072,25-10-2002,Paramount Pictures
Man on Fire,22751490,77911774,29.2,2980,7634,21-04-2004,Twentieth Century Fox
Mulan,22745143,120620254,18.9,2888,7875,19-06-1998,Walt Disney Studios Motion Pictures
Rugrats in Paris,22718184,76507756,29.7,2934,7743,17-11-2000,Paramount Pictures
Insidious: Chapter 3,22692741,52218558,43.5,3002,7559,05-06-2015,Focus Features
Unstoppable,22688457,81562942,27.8,3207,7074,12-11-2010,Twentieth Century Fox
Funny People,22657780,51855045,43.7,3007,7535,31-07-2009,Universal Pictures
Black Mass,22635037,62575678,36.2,3188,7100,18-09-2015,Warner Bros.
Poltergeist,22620386,47425125,47.7,3240,6981,22-05-2015,Twentieth Century Fox
The Time Machine,22610437,56832494,39.8,2944,7680,08-03-2002,DreamWorks Distribution
Smile,22609925,105935048,21.3,3645,6202,30-09-2022,Paramount Pictures
Bridge to Terabithia,22564612,82272442,27.4,3139,7188,16-02-2007,Walt Disney Studios Motion Pictures
Training Day,22550788,76631907,29.4,2712,8315,05-10-2001,Warner Bros.
Dick Tracy,22543911,103738726,21.7,2332,9667,15-06-1990,Walt Disney Studios Motion Pictures
Saw 3D,22530123,45710178,49.3,2808,8023,29-10-2010,Lionsgate Films
The Mask of Zorro,22525855,94095523,23.9,2515,8956,17-07-1998,Sony Pictures Releasing
Heaven Is for Real,22522221,91443253,24.6,2417,9318,16-04-2014,TriStar Pictures
The Lucky One,22518358,60457138,37.2,3155,7137,20-04-2012,Warner Bros.
Shallow Hal,22518295,70839203,31.8,2770,8129,09-11-2001,Twentieth Century Fox
Star Wars: Episode I - The Phantom Menace2012 3D Release,22469932,43456382,51.7,2655,8463,10-02-2012,Twentieth Century Fox
Life of Pi,22451514,124987023,18,2927,7670,21-11-2012,Twentieth Century Fox
The Social Network,22445653,96962694,23.2,2771,8100,01-10-2010,Sony Pictures Releasing
The Patriot,22413710,113330342,19.8,3061,7322,28-06-2000,Sony Pictures Releasing
Contagion,22403596,75658097,29.6,3222,6953,09-09-2011,Warner Bros.
Now You See Me 2,22383146,65075540,34.4,3232,6925,10-06-2016,Lionsgate Films
Walk the Line,22347341,119519402,18.7,2961,7547,18-11-2005,Twentieth Century Fox
The General's Daughter,22332053,102705852,21.7,2856,7819,18-06-1999,Paramount Pictures
Sing 2,22326230,162790990,13.7,3892,5736,22-12-2021,Universal Pictures
Planes,22232291,90288712,24.6,3702,6005,09-08-2013,Walt Disney Studios Motion Pictures
Disturbia,22224982,80209692,27.7,2925,7598,13-04-2007,DreamWorks
"Legally Blonde 2: Red, White & Blonde",22220670,90186328,24.6,3350,6633,02-07-2003,Metro-Goldwyn-Mayer
Monster House,22217226,73661010,30.2,3553,6253,21-07-2006,Sony Pictures Releasing
Freaky Friday,22203007,110230332,20.1,2954,7516,06-08-2003,Walt Disney Studios Motion Pictures
Kill Bill: Vol. 1,22200000,70099045,31.7,3102,7156,10-10-2003,Miramax
Die Hard with a Vengeance,22162245,100012499,22.2,2525,8777,19-05-1995,Twentieth Century Fox
Poseidon,22155410,60674817,36.5,3555,6232,12-05-2006,Warner Bros.
Diary of a Wimpy Kid,22126166,64003625,34.6,3077,7190,19-03-2010,Twentieth Century Fox
Ghost Rider: Spirit of Vengeance,22115334,51774002,42.7,3174,6967,17-02-2012,Sony Pictures Releasing
It's Complicated,22100820,112735375,19.6,2887,7655,25-12-2009,Universal Pictures
Ladder 49,22088204,74541707,29.6,3260,6775,01-10-2004,Walt Disney Studios Motion Pictures
Road to Perdition,22079481,104454762,21.1,1797,12286,12-07-2002,DreamWorks Distribution
Starship Troopers,22058773,54814377,40.2,2971,7424,07-11-1997,Sony Pictures Releasing
Star Trek: Insurrection,22052836,70187658,31.4,2620,8417,11-12-1998,Paramount Pictures
Chronicle,22004098,64575175,34.1,2907,7569,03-02-2012,Twentieth Century Fox
The Monuments Men,22003433,78031620,28.2,3083,7137,07-02-2014,Sony Pictures Releasing
Candyman,22001750,61186570,36,3569,6164,27-08-2021,Universal Pictures
Star Wars: Episode V - The Empire Strikes Back1997 Special Edition,21975993,67597694,32.5,2111,10410,21-02-1997,Twentieth Century Fox
Hide and Seek,21959233,51100486,43,3005,7307,28-01-2005,Twentieth Century Fox
Diary of a Mad Black Woman,21905089,50633099,43.3,1483,14770,25-02-2005,Lionsgate Films
Inspector Gadget,21889138,97403112,22.5,2814,7778,23-07-1999,Walt Disney Studios Motion Pictures
Unknown,21856389,63686397,34.3,3043,7182,18-02-2011,Warner Bros.
Dolittle,21844045,77047065,28.4,4155,5257,17-01-2020,Universal Pictures
Stomp the Yard,21833312,61356221,35.6,2051,10645,12-01-2007,Screen Gems
Notting Hill,21811180,116089678,18.8,2747,7940,28-05-1999,Universal Pictures
Renaissance: A Film by Beyoncé,21801216,33889684,64.3,2539,8586,01-12-2023,-
Lara Croft: Tomb Raider - The Cradle of Life,21783641,65660196,33.2,3222,6760,25-07-2003,Paramount Pictures
RED,21761408,90380162,24.1,3255,6685,15-10-2010,Summit Entertainment
Neighbors 2: Sorority Rising,21760405,55455765,39.2,3384,6430,20-05-2016,Universal Pictures
Underworld,21753759,51970690,41.9,2915,7462,19-09-2003,Screen Gems
Die Hard 2,21744661,117540947,18.5,2507,8673,06-07-1990,Twentieth Century Fox
Texas Chainsaw,21744470,34341945,63.3,2654,8193,04-01-2013,Lionsgate Films
Garfield: The Movie,21727611,75369589,28.8,3094,7022,11-06-2004,Twentieth Century Fox
Shaft,21714757,70334258,30.9,2337,9291,16-06-2000,Paramount Pictures
Cats & Dogs,21707617,93385515,23.2,3040,7140,04-07-2001,Warner Bros.
Eyes Wide Shut,21706163,55691208,39,2411,9002,16-07-1999,Warner Bros.
Spy Game,21689125,62362560,34.8,2770,7830,21-11-2001,Universal Pictures
Lights Out,21688103,67268835,32.2,2818,7696,22-07-2016,Warner Bros.
RoboCop,21681430,58607007,37,3372,6429,12-02-2014,Sony Pictures Releasing
My Best Friend's Wedding,21678377,127120029,17,2134,10158,20-06-1997,Sony Pictures Releasing
Bumblebee,21654047,127195589,17,3550,6099,21-12-2018,Paramount Pictures
Temptation: Confessions of a Marriage Counselor,21641679,51975354,41.6,2047,10572,29-03-2013,Lionsgate Films
London Has Fallen,21635601,62524260,34.6,3490,6199,04-03-2016,Focus Features
Little Man,21613176,58645052,36.8,2533,8532,14-07-2006,Revolution Studios
When a Stranger Calls,21607203,47860214,45.2,2999,7204,03-02-2006,Screen Gems
Fool's Gold,21589295,70231041,30.7,3125,6908,08-02-2008,Warner Bros.
Tammy,21577049,84525432,25.5,3465,6227,02-07-2014,Warner Bros.
Christmas with the Kranks,21570867,73780539,29.2,3393,6357,24-11-2004,Revolution Studios
"You, Me and Dupree",21525560,75628110,28.5,3131,6874,14-07-2006,Universal Pictures
Pete's Dragon,21514095,76233151,28.2,3702,5811,12-08-2016,Walt Disney Studios Motion Pictures
American Reunion,21514080,57011521,37.7,3192,6740,06-04-2012,Universal Pictures
Cruella,21496997,86103234,25,3892,5523,28-05-2021,Walt Disney Studios Motion Pictures
The 40-Year-Old Virgin,21422815,109449237,19.6,2845,7529,19-08-2005,Universal Pictures
The Stepford Wives,21406781,59484742,36,3057,7002,11-06-2004,Paramount Pictures
Good Boys,21402605,83140306,25.7,3204,6679,16-08-2019,Universal Pictures
Safe Haven,21401594,71349120,30,3223,6640,14-02-2013,Relativity Media
The Forbidden Kingdom,21401121,52075270,41.1,3151,6791,18-04-2008,Lionsgate Films
The Hitman's Bodyguard,21384504,75468583,28.3,3377,6332,18-08-2017,Lionsgate Films
Angel Has Fallen,21380987,69030436,31,3286,6506,23-08-2019,Lionsgate Films
Ice Age: Collision Course,21373064,64063008,33.4,3992,5353,22-07-2016,Twentieth Century Fox
Why Did I Get Married?,21353789,55204525,38.7,2011,10618,12-10-2007,Lionsgate Films
Turbo,21312625,83028128,25.7,3806,5599,17-07-2013,Twentieth Century Fox
